{
  "run": [
    {
      "filePath": "/webapp/test/mockServer.html",
      "previewMode": 1,
      "dataMode": 1,
      "workspace": "withoutWorkspace",
      "ui5ActiveVersion": null,
      "ui5VerSource": null,
      "isDefaultVersion": 0,
      "urlParameters": [],
      "hashParameter": "",
      "backendSystem": [],
      "_metadata": {
        "runnerId": "webapprunner",
        "id": 6332395,
        "displayName": "Run mockServer.html",
        "lastRunTimeStamp": 1681635098103
      }
    },
    {
      "filePath": "",
      "previewMode": 1,
      "dataMode": 0,
      "workspace": "withoutWorkspace",
      "ui5ActiveVersion": null,
      "ui5VerSource": null,
      "isDefaultVersion": 0,
      "urlParameters": [],
      "hashParameter": "",
      "backendSystem": [],
      "urlParametersNotNeeded": false,
      "_metadata": {
        "id": 928055,
        "runnerId": "webapprunner",
        "displayName": "Configuration",
        "lastRunTimeStamp": 0,
        "hasIssues": true
      }
    }
  ]
}