{
  "run": [
    {
      "filePath": "/webapp/test/mockServer.html",
      "previewMode": 1,
      "dataMode": 1,
      "workspace": "withoutWorkspace",
      "ui5ActiveVersion": null,
      "ui5VerSource": null,
      "isDefaultVersion": 0,
      "urlParameters": [],
      "hashParameter": "",
      "backendSystem": [],
      "_metadata": {
        "runnerId": "webapprunner",
        "id": 8244207,
        "displayName": "Run mockServer.html",
        "lastRunTimeStamp": 1670417469196
      }
    }
  ]
}