{
    "resources": [
        {
            "name": "resources.json",
            "merged": true
        },
        {
            "name": ".project.json"
        },
        {
            "name": "WebContent/indexNoCache.html"
        },
        {
            "name": "WebContent/index.html"
        },
        {
            "name": "WebContent/essAttendance20180708133000/util/Formatter.js"
        },
        {
            "name": "WebContent/essAttendance20180708133000/css/app.css"
        },
        {
            "name": "WebContent/essAttendance20180708133000/controls/MaterialIcon.js"
        },
        {
            "name": "WebContent/essAttendance20180708133000/fragment/BusyDialog.fragment.xml"
        },
        {
            "name": "WebContent/essAttendance20180708133000/localService/mockdata/HeaderempnavSet.json"
        },
        {
            "name": "WebContent/essAttendance20180708133000/localService/mockdata/HeaderLinesnavSet.json"
        },
        {
            "name": "WebContent/essAttendance20180708133000/localService/mockdata/Et_approvalSet.json"
        },
        {
            "name": "WebContent/essAttendance20180708133000/localService/mockdata/T554s_subtySet.json"
        },
        {
            "name": "WebContent/essAttendance20180708133000/localService/mockdata/Tm_monthlySet.json"
        },
        {
            "name": "WebContent/essAttendance20180708133000/localService/mockdata/HeaderquatanavSet.json"
        },
        {
            "name": "WebContent/essAttendance20180708133000/localService/mockdata/headerSet.json"
        },
        {
            "name": "WebContent/essAttendance20180708133000/localService/essAttendance_metadata.xml"
        },
        {
            "name": "WebContent/essAttendance20180708133000/i18n/i18n.properties",
            "raw": "i18n/i18n.properties"
        },
        {
            "name": "WebContent/essAttendance20180708133000/controller/App.controller.js"
        },
        {
            "name": "WebContent/essAttendance20180708133000/controller/Main.controller.js"
        },
        {
            "name": "WebContent/essAttendance20180708133000/Component-preload.js",
            "merged": true
        },
        {
            "name": "WebContent/essAttendance20180708133000/view/Main.view.xml"
        },
        {
            "name": "WebContent/essAttendance20180708133000/view/App.view.xml"
        },
        {
            "name": "WebContent/essAttendance20180708133000/common/CommonUtils.js"
        },
        {
            "name": "WebContent/essAttendance20180708133000/resources.json",
            "merged": true
        },
        {
            "name": "WebContent/essAttendance20180708133000/constants/GeneralConstants.js"
        },
        {
            "name": "WebContent/essAttendance20180708133000/constants/TableCells.js"
        },
        {
            "name": "WebContent/essAttendance20180708133000/constants/MessagePool.js"
        },
        {
            "name": "WebContent/essAttendance20180708133000/images/DelRowX.png"
        },
        {
            "name": "WebContent/essAttendance20180708133000/images/save.png"
        },
        {
            "name": "WebContent/essAttendance20180708133000/images/AppIcon.png"
        },
        {
            "name": "WebContent/essAttendance20180708133000/images/time-reporting-icon.png"
        },
        {
            "name": "WebContent/essAttendance20180708133000/images/Edited_24x24.png"
        },
        {
            "name": "WebContent/essAttendance20180708133000/images/ShowHours.png"
        },
        {
            "name": "WebContent/essAttendance20180708133000/images/error_outline.svg"
        },
        {
            "name": "WebContent/essAttendance20180708133000/images/print.png"
        },
        {
            "name": "WebContent/essAttendance20180708133000/images/ClalitLogo.png"
        },
        {
            "name": "WebContent/essAttendance20180708133000/images/changeX.png"
        },
        {
            "name": "WebContent/essAttendance20180708133000/images/AddRowX.png"
        },
        {
            "name": "WebContent/essAttendance20180708133000/images/sendToManager.png"
        },
        {
            "name": "WebContent/essAttendance20180708133000/images/table_add.png"
        },
        {
            "name": "WebContent/essAttendance20180708133000/images/MainScreenBG.png"
        },
        {
            "name": "WebContent/essAttendance20180708133000/images/Main.view.xml"
        },
        {
            "name": "WebContent/essAttendance20180708133000/images/AddRow.png"
        },
        {
            "name": "WebContent/essAttendance20180708133000/images/DelRow.png"
        },
        {
            "name": "WebContent/essAttendance20180708133000/manifest.json"
        },
        {
            "name": "WebContent/essAttendance20180708133000/model/models.js"
        },
        {
            "name": "WebContent/essAttendance20180708133000/model/service/EssAttendanceService.js"
        },
        {
            "name": "WebContent/essAttendance20180708133000/Component.js"
        },
        {
            "name": "neo-app.json"
        },
        {
            "name": ".user.project.json"
        }
    ]
}