{
  "milk": [{
        "Seasons": "Spring '16",
        "Revenue": 325020.45,
        "Cost": 197234.4,
        "Cost1": 24800.63,
        "Cost2": 172433.77,
        "Cost3": 102422.37,
        "Target": 400000.00,
        "Budget": 210000.00
    },
    {
        "Seasons": "Summer '16",
        "Revenue": 464000.3,
        "Cost": 232070.5,
        "Cost1": 51200.39,
        "Cost2": 180870.11,
        "Cost3": 182422.37,
        "Target": 400000.00,
        "Budget": 224000.00
    },
    {
        "Seasons": "Autumn '16",
        "Revenue": 479100.17,
        "Cost": 231003.32,
        "Cost1": 79200.54,
        "Cost2": 151802.78,
        "Cost3": 172422.37,
        "Target": 440000.00,
        "Budget": 238000.00
    },
    {
        "Seasons": "Winter '16",
        "Revenue": 536110.34,
        "Cost": 371122.45,
        "Cost1": 108800.73,
        "Cost2": 262321.72,
        "Cost3": 222422.37,
        "Target": 440000.00,
        "Budget": 252000.00
    }]
}
