{
  "milk": [{
        "Week": "Week1",
        "Revenue": 944000.04,
        "Cost": 588000.41,
        "Cost1": 403200.08,
        "Cost2": 184800.33,
        "Cost3": 284800.33,
        "Target": 900000.00,
        "Budget": 300000.00
    },
    {
        "Week": "Week2",
        "Revenue": 959000.35,
        "Cost": 639300.80,
        "Cost1": 559300.18,
        "Cost2": 80000.62,
        "Cost3": 280000.62,
        "Target": 900000.00,
        "Budget": 314000.00
    },
    {
        "Week": "Week3",
        "Revenue": 1026000.07,
        "Cost": 527200.80,
        "Cost1": 447200.18,
        "Cost2": 80000.62,
        "Cost3": 130000.62,
        "Target": 900000.00,
        "Budget": 328000.00
    },
    {
        "Week": "Week4",
        "Revenue": 1079000.71,
        "Cost": 504401.03,
        "Cost1": 407200.74,
        "Cost2": 97200.29,
        "Cost3": 330000.62,
        "Target": 900000.00,
        "Budget": 342000.00
    },
    {
        "Week": "Week5",
        "Revenue": 1106000.77,
        "Cost": 457800.58,
        "Cost1": 372800.15,
        "Cost2": 85000.43,
        "Cost3": 230000.62,
        "Target": 900000.00,
        "Budget": 356000.00
    },
    {
        "Week": "Week6",
        "Revenue": 1240000.99,
        "Cost": 483201.19,
        "Cost1": 440000.91,
        "Cost2": 43200.28,
        "Cost3": 430000.62,
        "Target": 900000.00,
        "Budget": 370000.00
    },
    {
        "Week": "Week7",
        "Revenue": 1264000.85,
        "Cost": 270601.13,
        "Cost1": 198800.73,
        "Cost2": 71800.40,
        "Cost3": 430000.62,
        "Target": 900000.00,
        "Budget": 384000.00
    },
    {
        "Week": "Week8",
        "Revenue": 1331000.93,
        "Cost": 190001.11,
        "Cost1": 99200.54,
        "Cost2": 90800.57,
        "Cost3": 103000.62,
        "Target": 1000000.00,
        "Budget": 398000.00
    },
    {
        "Week": "Week9",
        "Revenue": 1460000.02,
        "Cost": 179001.23,
        "Cost1": 108800.73,
        "Cost2": 70200.50,
        "Cost3": 110000.62,
        "Target": 1000000.00,
        "Budget": 412000.00
    },
    {
        "Week": "Week10",
        "Revenue": 1471000.97,
        "Cost": 323200.80,
        "Cost1": 243200.18,
        "Cost2": 80000.62,
        "Cost3": 230000.62,
        "Target": 1000000.00,
        "Budget": 426000.00
    },
    {
        "Week": "Week11",
        "Revenue": 1504000.17,
        "Cost": 451001.00,
        "Cost1": 360800.09,
        "Cost2": 90200.91,
        "Cost3": 230000.62,
        "Target": 1000000.00,
        "Budget": 440000.00
    },
    {
        "Week": "Week12",
        "Revenue": 1320000.04,
        "Cost": 483200.70,
        "Cost1": 403200.08,
        "Cost2": 80000.62,
        "Cost3": 330000.62,
        "Target": 1000000.00,
        "Budget": 454000.00
    },
    {
        "Week": "Week13",
        "Revenue": 1080000.35,
        "Cost": 559000.74,
        "Cost1": 447200.18,
        "Cost2": 111800.56,
        "Cost3": 330000.62,
        "Target": 1000000.00,
        "Budget": 484000.00
    },
    {
        "Week": "Week14",
        "Revenue": 1016000.07,
        "Cost": 612001.04,
        "Cost1": 430200.71,
        "Cost2": 181800.33,
        "Cost3": 140000.62,
        "Target": 1200000.00,
        "Budget": 516000.00
    },
    {
        "Week": "Week15",
        "Revenue": 1075000.71,
        "Cost": 675000.64,
        "Cost1": 472500.17,
        "Cost2": 202500.47,
        "Cost3": 230000.62,
        "Target": 1200000.00,
        "Budget": 548000.00
    },
    {
        "Week": "Week16",
        "Revenue": 1130000.77,
        "Cost": 749000.63,
        "Cost1": 518200.51,
        "Cost2": 230800.12,
        "Cost3": 330000.62,
        "Target": 1200000.00,
        "Budget": 580000.00
    },
    {
        "Week": "Week17",
        "Revenue": 1210000.99,
        "Cost": 779000.38,
        "Cost1": 547300.18,
        "Cost2": 231700.20,
        "Cost3": 130000.62,
        "Target": 1200000.00,
        "Budget": 612000.00
    },
    {
        "Week": "Week18",
        "Revenue": 1264000.85,
        "Cost": 868001.16,
        "Cost1": 604801.00,
        "Cost2": 263200.16,
        "Cost3": 230000.62,
        "Target": 1200000.00,
        "Budget": 644000.00
    },
    {
        "Week": "Week19",
        "Revenue": 1280000.93,
        "Cost": 931001.49,
        "Cost1": 651700.86,
        "Cost2": 279300.63,
        "Cost3": 150000.62,
        "Target": 1200000.00,
        "Budget": 676000.00
    },
    {
        "Week": "Week20",
        "Revenue": 1400000.02,
        "Cost": 1000000.05,
        "Cost1": 700000.01,
        "Cost2": 300000.04,
        "Cost3": 430000.62,
        "Target": 1200000.00,
        "Budget": 708000.00
    },
    {
        "Week": "Week21",
        "Revenue": 1471000.97,
        "Cost": 1010001.07,
        "Cost1": 707000.66,
        "Cost2": 303000.41,
        "Cost3": 430000.62,
        "Target": 1200000.00,
        "Budget": 740000.00
    },
    {
        "Week": "Week22",
        "Revenue": 1500000.17,
        "Cost": 1010001.36,
        "Cost1": 707000.53,
        "Cost2": 303000.83,
        "Cost3": 330400.62,
        "Target": 1200000.00,
        "Budget": 772000.00
    },
    {
        "Week": "Week23",
        "Revenue": 1619000.75,
        "Cost": 990001.04,
        "Cost1": 594000.53,
        "Cost2": 396000.51,
        "Cost3": 230000.62,
        "Target": 1200000.00,
        "Budget": 804000.00
    },
    {
        "Week": "Week24",
        "Revenue": 1696000.50,
        "Cost": 960001.11,
        "Cost1": 576000.18,
        "Cost2": 384000.93,
        "Cost3": 330000.62,
        "Target": 2000000.00,
        "Budget": 836000.00
    },
    {
        "Week": "Week25",
        "Revenue": 1850000.43,
        "Cost": 900000.96,
        "Cost1": 540000.37,
        "Cost2": 360000.59,
        "Cost3": 530000.62,
        "Target": 2000000.00,
        "Budget": 868000.00
    },
    {
        "Week": "Week26",
        "Revenue": 1840000.74,
        "Cost": 890000.97,
        "Cost1": 519000.23,
        "Cost2": 371000.74,
        "Cost3": 530000.62,
        "Target": 2000000.00,
        "Budget": 900000.00
    },
    {
        "Week": "Week27",
        "Revenue": 1900000.60,
        "Cost": 820000.56,
        "Cost1": 492000.15,
        "Cost2": 328000.41,
        "Cost3": 330000.62,
        "Target": 2000000.00,
        "Budget": 932000.00
    },
    {
        "Week": "Week28",
        "Revenue": 2024000.28,
        "Cost": 800000.70,
        "Cost1": 480000.66,
        "Cost2": 320000.04,
        "Cost3": 230000.62,
        "Target": 2000000.00,
        "Budget": 964000.00
    },
    {
        "Week": "Week29",
        "Revenue": 2111000.24,
        "Cost": 810001.24,
        "Cost1": 486000.52,
        "Cost2": 324000.72,
        "Cost3": 430000.62,
        "Target": 2000000.00,
        "Budget": 996000.00
    },
    {
        "Week": "Week30",
        "Revenue": 2260000.86,
        "Cost": 815001.98,
        "Cost1": 497000.98,
        "Cost2": 318001.00,
        "Cost3": 330000.62,
        "Target": 2000000.00,
        "Budget": 1028000.00
    },
    {
        "Week": "Week31",
        "Revenue": 2291000.11,
        "Cost": 840001.92,
        "Cost1": 498001.00,
        "Cost2": 342000.92,
        "Cost3": 343000.62,
        "Target": 2000000.00,
        "Budget": 1060000.00
    },
    {
        "Week": "Week32",
        "Revenue": 2384000.88,
        "Cost": 850001.08,
        "Cost1": 510000.63,
        "Cost2": 340000.45,
        "Cost3": 243000.62,
        "Target": 2000000.00,
        "Budget": 1092000.00
    },
    {
        "Week": "Week33",
        "Revenue": 2479000.63,
        "Cost": 889001.47,
        "Cost1": 533400.50,
        "Cost2": 355600.97,
        "Cost3": 363000.62,
        "Target": 2000000.00,
        "Budget": 1124000.00
    },
    {
        "Week": "Week34",
        "Revenue": 2560000.70,
        "Cost": 956001.33,
        "Cost1": 669200.96,
        "Cost2": 286800.37,
        "Cost3": 333000.62,
        "Target": 2000000.00,
        "Budget": 1156000.00
    },
    {
        "Week": "Week35",
        "Revenue": 2500000.46,
        "Cost": 1025001.39,
        "Cost1": 717500.73,
        "Cost2": 307500.66,
        "Cost3": 333300.62,
        "Target": 2000000.00,
        "Budget": 1188000.00
    },
    {
        "Week": "Week36",
        "Revenue": 2400000.19,
        "Cost": 1146001.50,
        "Cost1": 787200.82,
        "Cost2": 358800.68,
        "Cost3": 243000.62,
        "Target": 2000000.00,
        "Budget": 1220000.00
    },
    {
        "Week": "Week37",
        "Revenue": 2250000.18,
        "Cost": 1149001.07,
        "Cost1": 818300.34,
        "Cost2": 330700.73,
        "Cost3": 233000.62,
        "Target": 2000000.00,
        "Budget": 1252000.00
    },
    {
        "Week": "Week38",
        "Revenue": 2200000.52,
        "Cost": 1244000.44,
        "Cost1": 1119600.05,
        "Cost2": 124400.39,
        "Cost3": 2343000.62,
        "Target": 2000000.00,
        "Budget": 1284000.00
    },
    {
        "Week": "Week39",
        "Revenue": 2040000.48,
        "Cost": 1321001.21,
        "Cost1": 1188900.36,
        "Cost2": 132100.85,
        "Cost3": 1343000.62,
        "Target": 2000000.00,
        "Budget": 1316000.00
    },
    {
        "Week": "Week40",
        "Revenue": 1800000.03,
        "Cost": 1400000.61,
        "Cost1": 1260000.46,
        "Cost2": 140000.15,
        "Cost3": 203000.62,
        "Target": 2000000.00,
        "Budget": 1348000.00
    },
    {
        "Week": "Week41",
        "Revenue": 1700000.45,
        "Cost": 1481000.96,
        "Cost1": 1332900.43,
        "Cost2": 148100.53,
        "Cost3": 143000.62,
        "Target": 2000000.00,
        "Budget": 1380000.00
    },
    {
        "Week": "Week42",
        "Revenue": 1764000.77,
        "Cost": 1564001.02,
        "Cost1": 1407600.20,
        "Cost2": 156400.82,
        "Cost3": 243000.62,
        "Target": 2000000.00,
        "Budget": 1412000.00
    },
    {
        "Week": "Week43",
        "Revenue": 1829000.92,
        "Cost": 1719000.85,
        "Cost1": 1554100.67,
        "Cost2": 164900.18,
        "Cost3": 1343000.62,
        "Target": 2000000.00,
        "Budget": 1444000.00
    },
    {
        "Week": "Week44",
        "Revenue": 1936000.24,
        "Cost": 1726001.74,
        "Cost1": 1552400.88,
        "Cost2": 173600.86,
        "Cost3": 2343000.62,
        "Target": 2000000.00,
        "Budget": 1476000.00
    },
    {
        "Week": "Week45",
        "Revenue": 2045000.50,
        "Cost": 1825001.14,
        "Cost1": 1642500.74,
        "Cost2": 182500.40,
        "Cost3": 343430.62,
        "Target": 2000000.00,
        "Budget": 1508000.00
    },
    {
        "Week": "Week46",
        "Revenue": 2116000.77,
        "Cost": 1986001.18,
        "Cost1": 1794400.92,
        "Cost2": 191600.26,
        "Cost3": 243000.62,
        "Target": 2000000.00,
        "Budget": 1540000.00
    },
    {
        "Week": "Week47",
        "Revenue": 2170000.26,
        "Cost": 2009000.66,
        "Cost1": 1808100.12,
        "Cost2": 200900.54,
        "Cost3": 143000.62,
        "Target": 2000000.00,
        "Budget": 1572000.00
    },
    {
        "Week": "Week48",
        "Revenue": 2310000.42,
        "Cost": 2104001.53,
        "Cost1": 1893600.94,
        "Cost2": 210400.59,
        "Cost3": 243000.62,
        "Target": 2000000.00,
        "Budget": 1604000.00
    },
    {
        "Week": "Week49",
        "Revenue": 2380000.05,
        "Cost": 2201001.33,
        "Cost1": 1980900.36,
        "Cost2": 220100.97,
        "Cost3": 243000.62,
        "Target": 2000000.00,
        "Budget": 1636000.00
    },
    {
        "Week": "Week50",
        "Revenue": 2500000.43,
        "Cost": 2300000.80,
        "Cost1": 2070000.01,
        "Cost2": 230000.79,
        "Cost3": 143000.62,
        "Target": 2000000.00,
        "Budget": 1668000.00
    }]
}
