[{
	"Pernr": "Pernr 1",
	"Begda": "/Date(1233317656000)/",
	"Endda": "/Date(1188386056000)/",
	"Subty": "Subty 1",
	"__metadata": {
		"uri": "Et_approvalSet('Pernr%201')",
		"type": "ZHR_ESS_SELF_REPORTING_SRV_01.Et_approval"
	}
}, {
	"Pernr": "Pernr 2",
	"Begda": "/Date(1261916056000)/",
	"Endda": "/Date(1383048856000)/",
	"Subty": "Subty 2",
	"__metadata": {
		"uri": "Et_approvalSet('Pernr%202')",
		"type": "ZHR_ESS_SELF_REPORTING_SRV_01.Et_approval"
	}
}, {
	"Pernr": "Pernr 3",
	"Begda": "/Date(1511266456000)/",
	"Endda": "/Date(974204056000)/",
	"Subty": "Subty 3",
	"__metadata": {
		"uri": "Et_approvalSet('Pernr%203')",
		"type": "ZHR_ESS_SELF_REPORTING_SRV_01.Et_approval"
	}
}, {
	"Pernr": "Pernr 4",
	"Begda": "/Date(1307272456000)/",
	"Endda": "/Date(1376478856000)/",
	"Subty": "Subty 4",
	"__metadata": {
		"uri": "Et_approvalSet('Pernr%204')",
		"type": "ZHR_ESS_SELF_REPORTING_SRV_01.Et_approval"
	}
}, {
	"Pernr": "Pernr 5",
	"Begda": "/Date(1539947656000)/",
	"Endda": "/Date(1282302856000)/",
	"Subty": "Subty 5",
	"__metadata": {
		"uri": "Et_approvalSet('Pernr%205')",
		"type": "ZHR_ESS_SELF_REPORTING_SRV_01.Et_approval"
	}
}, {
	"Pernr": "Pernr 6",
	"Begda": "/Date(1385295256000)/",
	"Endda": "/Date(1209554056000)/",
	"Subty": "Subty 6",
	"__metadata": {
		"uri": "Et_approvalSet('Pernr%206')",
		"type": "ZHR_ESS_SELF_REPORTING_SRV_01.Et_approval"
	}
}, {
	"Pernr": "Pernr 7",
	"Begda": "/Date(1418818456000)/",
	"Endda": "/Date(1066475656000)/",
	"Subty": "Subty 7",
	"__metadata": {
		"uri": "Et_approvalSet('Pernr%207')",
		"type": "ZHR_ESS_SELF_REPORTING_SRV_01.Et_approval"
	}
}, {
	"Pernr": "Pernr 8",
	"Begda": "/Date(1342869256000)/",
	"Endda": "/Date(1225800856000)/",
	"Subty": "Subty 8",
	"__metadata": {
		"uri": "Et_approvalSet('Pernr%208')",
		"type": "ZHR_ESS_SELF_REPORTING_SRV_01.Et_approval"
	}
}, {
	"Pernr": "Pernr 9",
	"Begda": "/Date(1060168456000)/",
	"Endda": "/Date(1308050056000)/",
	"Subty": "Subty 9",
	"__metadata": {
		"uri": "Et_approvalSet('Pernr%209')",
		"type": "ZHR_ESS_SELF_REPORTING_SRV_01.Et_approval"
	}
}, {
	"Pernr": "Pernr 10",
	"Begda": "/Date(1000206856000)/",
	"Endda": "/Date(1102940056000)/",
	"Subty": "Subty 10",
	"__metadata": {
		"uri": "Et_approvalSet('Pernr%2010')",
		"type": "ZHR_ESS_SELF_REPORTING_SRV_01.Et_approval"
	}
}]