[{
	"pernr": "pernr 1",
	"IUname": "IUname 1",
	"IMonth": "IMonth 1",
	"EEmpType": "EEmpType 1",
	"EMainPernr": "EMainPernr 1",
	"EStatusSgira": "EStatusSgira 1",
	"EStatusSgiraText": "EStatusSgiraText 1",
	"ETmStatus": "ETmStatus 1",
	"ETmStatusText": "ETmStatusText 1",
	"EMessage": "EMessage 1",
	"EPortalStatus": "EPortalStatus 1",
	"__metadata": {
		"uri": "headerSet('pernr%201')",
		"type": "ZHR_ESS_SELF_REPORTING_SRV_01.header"
	},
	"header_linesnav": {
		"__deferred": {
			"uri": "headerSet('pernr%201')/header_linesnav"
		}
	},
	"headerempnav": {
		"__deferred": {
			"uri": "headerSet('pernr%201')/headerempnav"
		}
	},
	"headerquatanav": {
		"__deferred": {
			"uri": "headerSet('pernr%201')/headerquatanav"
		}
	},
	"Tm_monthlynav": {
		"__deferred": {
			"uri": "headerSet('pernr%201')/Tm_monthlynav"
		}
	},
	"Et_approvalnav": {
		"__deferred": {
			"uri": "headerSet('pernr%201')/Et_approvalnav"
		}
	}
}, {
	"pernr": "pernr 2",
	"IUname": "IUname 2",
	"IMonth": "IMonth 2",
	"EEmpType": "EEmpType 2",
	"EMainPernr": "EMainPernr 2",
	"EStatusSgira": "EStatusSgira 2",
	"EStatusSgiraText": "EStatusSgiraText 2",
	"ETmStatus": "ETmStatus 2",
	"ETmStatusText": "ETmStatusText 2",
	"EMessage": "EMessage 2",
	"EPortalStatus": "EPortalStatus 2",
	"__metadata": {
		"uri": "headerSet('pernr%202')",
		"type": "ZHR_ESS_SELF_REPORTING_SRV_01.header"
	},
	"header_linesnav": {
		"__deferred": {
			"uri": "headerSet('pernr%202')/header_linesnav"
		}
	},
	"headerempnav": {
		"__deferred": {
			"uri": "headerSet('pernr%202')/headerempnav"
		}
	},
	"headerquatanav": {
		"__deferred": {
			"uri": "headerSet('pernr%202')/headerquatanav"
		}
	},
	"Tm_monthlynav": {
		"__deferred": {
			"uri": "headerSet('pernr%202')/Tm_monthlynav"
		}
	},
	"Et_approvalnav": {
		"__deferred": {
			"uri": "headerSet('pernr%202')/Et_approvalnav"
		}
	}
}, {
	"pernr": "pernr 3",
	"IUname": "IUname 3",
	"IMonth": "IMonth 3",
	"EEmpType": "EEmpType 3",
	"EMainPernr": "EMainPernr 3",
	"EStatusSgira": "EStatusSgira 3",
	"EStatusSgiraText": "EStatusSgiraText 3",
	"ETmStatus": "ETmStatus 3",
	"ETmStatusText": "ETmStatusText 3",
	"EMessage": "EMessage 3",
	"EPortalStatus": "EPortalStatus 3",
	"__metadata": {
		"uri": "headerSet('pernr%203')",
		"type": "ZHR_ESS_SELF_REPORTING_SRV_01.header"
	},
	"header_linesnav": {
		"__deferred": {
			"uri": "headerSet('pernr%203')/header_linesnav"
		}
	},
	"headerempnav": {
		"__deferred": {
			"uri": "headerSet('pernr%203')/headerempnav"
		}
	},
	"headerquatanav": {
		"__deferred": {
			"uri": "headerSet('pernr%203')/headerquatanav"
		}
	},
	"Tm_monthlynav": {
		"__deferred": {
			"uri": "headerSet('pernr%203')/Tm_monthlynav"
		}
	},
	"Et_approvalnav": {
		"__deferred": {
			"uri": "headerSet('pernr%203')/Et_approvalnav"
		}
	}
}, {
	"pernr": "pernr 4",
	"IUname": "IUname 4",
	"IMonth": "IMonth 4",
	"EEmpType": "EEmpType 4",
	"EMainPernr": "EMainPernr 4",
	"EStatusSgira": "EStatusSgira 4",
	"EStatusSgiraText": "EStatusSgiraText 4",
	"ETmStatus": "ETmStatus 4",
	"ETmStatusText": "ETmStatusText 4",
	"EMessage": "EMessage 4",
	"EPortalStatus": "EPortalStatus 4",
	"__metadata": {
		"uri": "headerSet('pernr%204')",
		"type": "ZHR_ESS_SELF_REPORTING_SRV_01.header"
	},
	"header_linesnav": {
		"__deferred": {
			"uri": "headerSet('pernr%204')/header_linesnav"
		}
	},
	"headerempnav": {
		"__deferred": {
			"uri": "headerSet('pernr%204')/headerempnav"
		}
	},
	"headerquatanav": {
		"__deferred": {
			"uri": "headerSet('pernr%204')/headerquatanav"
		}
	},
	"Tm_monthlynav": {
		"__deferred": {
			"uri": "headerSet('pernr%204')/Tm_monthlynav"
		}
	},
	"Et_approvalnav": {
		"__deferred": {
			"uri": "headerSet('pernr%204')/Et_approvalnav"
		}
	}
}, {
	"pernr": "pernr 5",
	"IUname": "IUname 5",
	"IMonth": "IMonth 5",
	"EEmpType": "EEmpType 5",
	"EMainPernr": "EMainPernr 5",
	"EStatusSgira": "EStatusSgira 5",
	"EStatusSgiraText": "EStatusSgiraText 5",
	"ETmStatus": "ETmStatus 5",
	"ETmStatusText": "ETmStatusText 5",
	"EMessage": "EMessage 5",
	"EPortalStatus": "EPortalStatus 5",
	"__metadata": {
		"uri": "headerSet('pernr%205')",
		"type": "ZHR_ESS_SELF_REPORTING_SRV_01.header"
	},
	"header_linesnav": {
		"__deferred": {
			"uri": "headerSet('pernr%205')/header_linesnav"
		}
	},
	"headerempnav": {
		"__deferred": {
			"uri": "headerSet('pernr%205')/headerempnav"
		}
	},
	"headerquatanav": {
		"__deferred": {
			"uri": "headerSet('pernr%205')/headerquatanav"
		}
	},
	"Tm_monthlynav": {
		"__deferred": {
			"uri": "headerSet('pernr%205')/Tm_monthlynav"
		}
	},
	"Et_approvalnav": {
		"__deferred": {
			"uri": "headerSet('pernr%205')/Et_approvalnav"
		}
	}
}, {
	"pernr": "pernr 6",
	"IUname": "IUname 6",
	"IMonth": "IMonth 6",
	"EEmpType": "EEmpType 6",
	"EMainPernr": "EMainPernr 6",
	"EStatusSgira": "EStatusSgira 6",
	"EStatusSgiraText": "EStatusSgiraText 6",
	"ETmStatus": "ETmStatus 6",
	"ETmStatusText": "ETmStatusText 6",
	"EMessage": "EMessage 6",
	"EPortalStatus": "EPortalStatus 6",
	"__metadata": {
		"uri": "headerSet('pernr%206')",
		"type": "ZHR_ESS_SELF_REPORTING_SRV_01.header"
	},
	"header_linesnav": {
		"__deferred": {
			"uri": "headerSet('pernr%206')/header_linesnav"
		}
	},
	"headerempnav": {
		"__deferred": {
			"uri": "headerSet('pernr%206')/headerempnav"
		}
	},
	"headerquatanav": {
		"__deferred": {
			"uri": "headerSet('pernr%206')/headerquatanav"
		}
	},
	"Tm_monthlynav": {
		"__deferred": {
			"uri": "headerSet('pernr%206')/Tm_monthlynav"
		}
	},
	"Et_approvalnav": {
		"__deferred": {
			"uri": "headerSet('pernr%206')/Et_approvalnav"
		}
	}
}, {
	"pernr": "pernr 7",
	"IUname": "IUname 7",
	"IMonth": "IMonth 7",
	"EEmpType": "EEmpType 7",
	"EMainPernr": "EMainPernr 7",
	"EStatusSgira": "EStatusSgira 7",
	"EStatusSgiraText": "EStatusSgiraText 7",
	"ETmStatus": "ETmStatus 7",
	"ETmStatusText": "ETmStatusText 7",
	"EMessage": "EMessage 7",
	"EPortalStatus": "EPortalStatus 7",
	"__metadata": {
		"uri": "headerSet('pernr%207')",
		"type": "ZHR_ESS_SELF_REPORTING_SRV_01.header"
	},
	"header_linesnav": {
		"__deferred": {
			"uri": "headerSet('pernr%207')/header_linesnav"
		}
	},
	"headerempnav": {
		"__deferred": {
			"uri": "headerSet('pernr%207')/headerempnav"
		}
	},
	"headerquatanav": {
		"__deferred": {
			"uri": "headerSet('pernr%207')/headerquatanav"
		}
	},
	"Tm_monthlynav": {
		"__deferred": {
			"uri": "headerSet('pernr%207')/Tm_monthlynav"
		}
	},
	"Et_approvalnav": {
		"__deferred": {
			"uri": "headerSet('pernr%207')/Et_approvalnav"
		}
	}
}, {
	"pernr": "pernr 8",
	"IUname": "IUname 8",
	"IMonth": "IMonth 8",
	"EEmpType": "EEmpType 8",
	"EMainPernr": "EMainPernr 8",
	"EStatusSgira": "EStatusSgira 8",
	"EStatusSgiraText": "EStatusSgiraText 8",
	"ETmStatus": "ETmStatus 8",
	"ETmStatusText": "ETmStatusText 8",
	"EMessage": "EMessage 8",
	"EPortalStatus": "EPortalStatus 8",
	"__metadata": {
		"uri": "headerSet('pernr%208')",
		"type": "ZHR_ESS_SELF_REPORTING_SRV_01.header"
	},
	"header_linesnav": {
		"__deferred": {
			"uri": "headerSet('pernr%208')/header_linesnav"
		}
	},
	"headerempnav": {
		"__deferred": {
			"uri": "headerSet('pernr%208')/headerempnav"
		}
	},
	"headerquatanav": {
		"__deferred": {
			"uri": "headerSet('pernr%208')/headerquatanav"
		}
	},
	"Tm_monthlynav": {
		"__deferred": {
			"uri": "headerSet('pernr%208')/Tm_monthlynav"
		}
	},
	"Et_approvalnav": {
		"__deferred": {
			"uri": "headerSet('pernr%208')/Et_approvalnav"
		}
	}
}, {
	"pernr": "pernr 9",
	"IUname": "IUname 9",
	"IMonth": "IMonth 9",
	"EEmpType": "EEmpType 9",
	"EMainPernr": "EMainPernr 9",
	"EStatusSgira": "EStatusSgira 9",
	"EStatusSgiraText": "EStatusSgiraText 9",
	"ETmStatus": "ETmStatus 9",
	"ETmStatusText": "ETmStatusText 9",
	"EMessage": "EMessage 9",
	"EPortalStatus": "EPortalStatus 9",
	"__metadata": {
		"uri": "headerSet('pernr%209')",
		"type": "ZHR_ESS_SELF_REPORTING_SRV_01.header"
	},
	"header_linesnav": {
		"__deferred": {
			"uri": "headerSet('pernr%209')/header_linesnav"
		}
	},
	"headerempnav": {
		"__deferred": {
			"uri": "headerSet('pernr%209')/headerempnav"
		}
	},
	"headerquatanav": {
		"__deferred": {
			"uri": "headerSet('pernr%209')/headerquatanav"
		}
	},
	"Tm_monthlynav": {
		"__deferred": {
			"uri": "headerSet('pernr%209')/Tm_monthlynav"
		}
	},
	"Et_approvalnav": {
		"__deferred": {
			"uri": "headerSet('pernr%209')/Et_approvalnav"
		}
	}
}, {
	"pernr": "pernr 10",
	"IUname": "IUname 10",
	"IMonth": "IMonth 10",
	"EEmpType": "EEmpType 10",
	"EMainPernr": "EMainPernr 10",
	"EStatusSgira": "EStatusSgira 10",
	"EStatusSgiraText": "EStatusSgiraText 10",
	"ETmStatus": "ETmStatus 10",
	"ETmStatusText": "ETmStatusText 10",
	"EMessage": "EMessage 10",
	"EPortalStatus": "EPortalStatus 10",
	"__metadata": {
		"uri": "headerSet('pernr%2010')",
		"type": "ZHR_ESS_SELF_REPORTING_SRV_01.header"
	},
	"header_linesnav": {
		"__deferred": {
			"uri": "headerSet('pernr%2010')/header_linesnav"
		}
	},
	"headerempnav": {
		"__deferred": {
			"uri": "headerSet('pernr%2010')/headerempnav"
		}
	},
	"headerquatanav": {
		"__deferred": {
			"uri": "headerSet('pernr%2010')/headerquatanav"
		}
	},
	"Tm_monthlynav": {
		"__deferred": {
			"uri": "headerSet('pernr%2010')/Tm_monthlynav"
		}
	},
	"Et_approvalnav": {
		"__deferred": {
			"uri": "headerSet('pernr%2010')/Et_approvalnav"
		}
	}
}]