[{
	"Uname": "Uname 1",
	"Pernr": "pernr 1",
	"Ldate": "/Date(1149419636000)/",
	"Werks": "Werks 1",
	"WerksText": "WerksText 1",
	"Orgunit": "Orgunit 1",
	"OrgunitTxt": "OrgunitTxt 1",
	"PernrKey": "PernrKey 1",
	"DayText": "DayText 1",
	"OrgIn": "PT0H41M47S",
	"OrgOut": "PT5H44M33S",
	"OrgPairNum": "OrgPairNum 1",
	"DayType": "DayType 1",
	"PairNum": "PairNum 1",
	"Begtm": "Begtm 1",
	"Endtm": "Endtm 1",
	"Bterm": "Bterm 1",
	"Eterm": "Eterm 1",
	"BChange": "BChange 1",
	"EChange": "EChange 1",
	"Bgcod": "Bgcod 1",
	"Egcod": "Egcod 1",
	"Borigf": "Borigf 1",
	"Eorigf": "Eorigf 1",
	"AttAbsNum": "AttAbsNum 1",
	"AttAbsDisc": "AttAbsDisc 1",
	"StartAbs": "StartAbs 1",
	"EndAbs": "EndAbs 1",
	"AttandanceDaily": "AttandanceDaily 1",
	"TekenDaily": "TekenDaily 1",
	"RegularDaily": "RegularDaily 1",
	"OverDaily": "OverDaily 1",
	"LackDaily": "LackDaily 1",
	"EmpComment": "EmpComment 1",
	"MngComment": "MngComment 1",
	"__metadata": {
		"uri": "HeaderLinesnavSet(Pernr='Pernr%201',AttAbsNum='AttAbsNum%201')",
		"type": "ZHR_ESS_SELF_REPORTING_SRV_01.HeaderLinesnav"
	},
	"t554subtynav": {
		"__deferred": {
			"uri": "HeaderLinesnavSet(Pernr='Pernr%201',AttAbsNum='AttAbsNum%201')/t554subtynav"
		}
	}
}, {
	"Uname": "Uname 2",
	"Pernr": "pernr 2",
	"Ldate": "/Date(1351944836000)/",
	"Werks": "Werks 2",
	"WerksText": "WerksText 2",
	"Orgunit": "Orgunit 2",
	"OrgunitTxt": "OrgunitTxt 2",
	"PernrKey": "PernrKey 2",
	"DayText": "DayText 2",
	"OrgIn": "PT22H54M21S",
	"OrgOut": "PT20H26M45S",
	"OrgPairNum": "OrgPairNum 2",
	"DayType": "DayType 2",
	"PairNum": "PairNum 2",
	"Begtm": "Begtm 2",
	"Endtm": "Endtm 2",
	"Bterm": "Bterm 2",
	"Eterm": "Eterm 2",
	"BChange": "BChange 2",
	"EChange": "EChange 2",
	"Bgcod": "Bgcod 2",
	"Egcod": "Egcod 2",
	"Borigf": "Borigf 2",
	"Eorigf": "Eorigf 2",
	"AttAbsNum": "AttAbsNum 2",
	"AttAbsDisc": "AttAbsDisc 2",
	"StartAbs": "StartAbs 2",
	"EndAbs": "EndAbs 2",
	"AttandanceDaily": "AttandanceDaily 2",
	"TekenDaily": "TekenDaily 2",
	"RegularDaily": "RegularDaily 2",
	"OverDaily": "OverDaily 2",
	"LackDaily": "LackDaily 2",
	"EmpComment": "EmpComment 2",
	"MngComment": "MngComment 2",
	"__metadata": {
		"uri": "HeaderLinesnavSet(Pernr='Pernr%202',AttAbsNum='AttAbsNum%202')",
		"type": "ZHR_ESS_SELF_REPORTING_SRV_01.HeaderLinesnav"
	},
	"t554subtynav": {
		"__deferred": {
			"uri": "HeaderLinesnavSet(Pernr='Pernr%202',AttAbsNum='AttAbsNum%202')/t554subtynav"
		}
	}
}, {
	"Uname": "Uname 3",
	"Pernr": "pernr 3",
	"Ldate": "/Date(1121512436000)/",
	"Werks": "Werks 3",
	"WerksText": "WerksText 3",
	"Orgunit": "Orgunit 3",
	"OrgunitTxt": "OrgunitTxt 3",
	"PernrKey": "PernrKey 3",
	"DayText": "DayText 3",
	"OrgIn": "PT3H54M9S",
	"OrgOut": "PT3H57M37S",
	"OrgPairNum": "OrgPairNum 3",
	"DayType": "DayType 3",
	"PairNum": "PairNum 3",
	"Begtm": "Begtm 3",
	"Endtm": "Endtm 3",
	"Bterm": "Bterm 3",
	"Eterm": "Eterm 3",
	"BChange": "BChange 3",
	"EChange": "EChange 3",
	"Bgcod": "Bgcod 3",
	"Egcod": "Egcod 3",
	"Borigf": "Borigf 3",
	"Eorigf": "Eorigf 3",
	"AttAbsNum": "AttAbsNum 3",
	"AttAbsDisc": "AttAbsDisc 3",
	"StartAbs": "StartAbs 3",
	"EndAbs": "EndAbs 3",
	"AttandanceDaily": "AttandanceDaily 3",
	"TekenDaily": "TekenDaily 3",
	"RegularDaily": "RegularDaily 3",
	"OverDaily": "OverDaily 3",
	"LackDaily": "LackDaily 3",
	"EmpComment": "EmpComment 3",
	"MngComment": "MngComment 3",
	"__metadata": {
		"uri": "HeaderLinesnavSet(Pernr='Pernr%203',AttAbsNum='AttAbsNum%203')",
		"type": "ZHR_ESS_SELF_REPORTING_SRV_01.HeaderLinesnav"
	},
	"t554subtynav": {
		"__deferred": {
			"uri": "HeaderLinesnavSet(Pernr='Pernr%203',AttAbsNum='AttAbsNum%203')/t554subtynav"
		}
	}
}, {
	"Uname": "Uname 4",
	"Pernr": "pernr 4",
	"Ldate": "/Date(1006431236000)/",
	"Werks": "Werks 4",
	"WerksText": "WerksText 4",
	"Orgunit": "Orgunit 4",
	"OrgunitTxt": "OrgunitTxt 4",
	"PernrKey": "PernrKey 4",
	"DayText": "DayText 4",
	"OrgIn": "PT4H37M51S",
	"OrgOut": "PT6H6M48S",
	"OrgPairNum": "OrgPairNum 4",
	"DayType": "DayType 4",
	"PairNum": "PairNum 4",
	"Begtm": "Begtm 4",
	"Endtm": "Endtm 4",
	"Bterm": "Bterm 4",
	"Eterm": "Eterm 4",
	"BChange": "BChange 4",
	"EChange": "EChange 4",
	"Bgcod": "Bgcod 4",
	"Egcod": "Egcod 4",
	"Borigf": "Borigf 4",
	"Eorigf": "Eorigf 4",
	"AttAbsNum": "AttAbsNum 4",
	"AttAbsDisc": "AttAbsDisc 4",
	"StartAbs": "StartAbs 4",
	"EndAbs": "EndAbs 4",
	"AttandanceDaily": "AttandanceDaily 4",
	"TekenDaily": "TekenDaily 4",
	"RegularDaily": "RegularDaily 4",
	"OverDaily": "OverDaily 4",
	"LackDaily": "LackDaily 4",
	"EmpComment": "EmpComment 4",
	"MngComment": "MngComment 4",
	"__metadata": {
		"uri": "HeaderLinesnavSet(Pernr='Pernr%204',AttAbsNum='AttAbsNum%204')",
		"type": "ZHR_ESS_SELF_REPORTING_SRV_01.HeaderLinesnav"
	},
	"t554subtynav": {
		"__deferred": {
			"uri": "HeaderLinesnavSet(Pernr='Pernr%204',AttAbsNum='AttAbsNum%204')/t554subtynav"
		}
	}
}, {
	"Uname": "Uname 5",
	"Pernr": "pernr 5",
	"Ldate": "/Date(1259756036000)/",
	"Werks": "Werks 5",
	"WerksText": "WerksText 5",
	"Orgunit": "Orgunit 5",
	"OrgunitTxt": "OrgunitTxt 5",
	"PernrKey": "PernrKey 5",
	"DayText": "DayText 5",
	"OrgIn": "PT15H35M9S",
	"OrgOut": "PT4H56M20S",
	"OrgPairNum": "OrgPairNum 5",
	"DayType": "DayType 5",
	"PairNum": "PairNum 5",
	"Begtm": "Begtm 5",
	"Endtm": "Endtm 5",
	"Bterm": "Bterm 5",
	"Eterm": "Eterm 5",
	"BChange": "BChange 5",
	"EChange": "EChange 5",
	"Bgcod": "Bgcod 5",
	"Egcod": "Egcod 5",
	"Borigf": "Borigf 5",
	"Eorigf": "Eorigf 5",
	"AttAbsNum": "AttAbsNum 5",
	"AttAbsDisc": "AttAbsDisc 5",
	"StartAbs": "StartAbs 5",
	"EndAbs": "EndAbs 5",
	"AttandanceDaily": "AttandanceDaily 5",
	"TekenDaily": "TekenDaily 5",
	"RegularDaily": "RegularDaily 5",
	"OverDaily": "OverDaily 5",
	"LackDaily": "LackDaily 5",
	"EmpComment": "EmpComment 5",
	"MngComment": "MngComment 5",
	"__metadata": {
		"uri": "HeaderLinesnavSet(Pernr='Pernr%205',AttAbsNum='AttAbsNum%205')",
		"type": "ZHR_ESS_SELF_REPORTING_SRV_01.HeaderLinesnav"
	},
	"t554subtynav": {
		"__deferred": {
			"uri": "HeaderLinesnavSet(Pernr='Pernr%205',AttAbsNum='AttAbsNum%205')/t554subtynav"
		}
	}
}, {
	"Uname": "Uname 6",
	"Pernr": "pernr 6",
	"Ldate": "/Date(949061636000)/",
	"Werks": "Werks 6",
	"WerksText": "WerksText 6",
	"Orgunit": "Orgunit 6",
	"OrgunitTxt": "OrgunitTxt 6",
	"PernrKey": "PernrKey 6",
	"DayText": "DayText 6",
	"OrgIn": "PT5H41M12S",
	"OrgOut": "PT1H51M44S",
	"OrgPairNum": "OrgPairNum 6",
	"DayType": "DayType 6",
	"PairNum": "PairNum 6",
	"Begtm": "Begtm 6",
	"Endtm": "Endtm 6",
	"Bterm": "Bterm 6",
	"Eterm": "Eterm 6",
	"BChange": "BChange 6",
	"EChange": "EChange 6",
	"Bgcod": "Bgcod 6",
	"Egcod": "Egcod 6",
	"Borigf": "Borigf 6",
	"Eorigf": "Eorigf 6",
	"AttAbsNum": "AttAbsNum 6",
	"AttAbsDisc": "AttAbsDisc 6",
	"StartAbs": "StartAbs 6",
	"EndAbs": "EndAbs 6",
	"AttandanceDaily": "AttandanceDaily 6",
	"TekenDaily": "TekenDaily 6",
	"RegularDaily": "RegularDaily 6",
	"OverDaily": "OverDaily 6",
	"LackDaily": "LackDaily 6",
	"EmpComment": "EmpComment 6",
	"MngComment": "MngComment 6",
	"__metadata": {
		"uri": "HeaderLinesnavSet(Pernr='Pernr%206',AttAbsNum='AttAbsNum%206')",
		"type": "ZHR_ESS_SELF_REPORTING_SRV_01.HeaderLinesnav"
	},
	"t554subtynav": {
		"__deferred": {
			"uri": "HeaderLinesnavSet(Pernr='Pernr%206',AttAbsNum='AttAbsNum%206')/t554subtynav"
		}
	}
}, {
	"Uname": "Uname 7",
	"Pernr": "pernr 7",
	"Ldate": "/Date(1088939636000)/",
	"Werks": "Werks 7",
	"WerksText": "WerksText 7",
	"Orgunit": "Orgunit 7",
	"OrgunitTxt": "OrgunitTxt 7",
	"PernrKey": "PernrKey 7",
	"DayText": "DayText 7",
	"OrgIn": "PT21H11M32S",
	"OrgOut": "PT1H4M24S",
	"OrgPairNum": "OrgPairNum 7",
	"DayType": "DayType 7",
	"PairNum": "PairNum 7",
	"Begtm": "Begtm 7",
	"Endtm": "Endtm 7",
	"Bterm": "Bterm 7",
	"Eterm": "Eterm 7",
	"BChange": "BChange 7",
	"EChange": "EChange 7",
	"Bgcod": "Bgcod 7",
	"Egcod": "Egcod 7",
	"Borigf": "Borigf 7",
	"Eorigf": "Eorigf 7",
	"AttAbsNum": "AttAbsNum 7",
	"AttAbsDisc": "AttAbsDisc 7",
	"StartAbs": "StartAbs 7",
	"EndAbs": "EndAbs 7",
	"AttandanceDaily": "AttandanceDaily 7",
	"TekenDaily": "TekenDaily 7",
	"RegularDaily": "RegularDaily 7",
	"OverDaily": "OverDaily 7",
	"LackDaily": "LackDaily 7",
	"EmpComment": "EmpComment 7",
	"MngComment": "MngComment 7",
	"__metadata": {
		"uri": "HeaderLinesnavSet(Pernr='Pernr%207',AttAbsNum='AttAbsNum%207')",
		"type": "ZHR_ESS_SELF_REPORTING_SRV_01.HeaderLinesnav"
	},
	"t554subtynav": {
		"__deferred": {
			"uri": "HeaderLinesnavSet(Pernr='Pernr%207',AttAbsNum='AttAbsNum%207')/t554subtynav"
		}
	}
}, {
	"Uname": "Uname 8",
	"Pernr": "pernr 8",
	"Ldate": "/Date(1464002036000)/",
	"Werks": "Werks 8",
	"WerksText": "WerksText 8",
	"Orgunit": "Orgunit 8",
	"OrgunitTxt": "OrgunitTxt 8",
	"PernrKey": "PernrKey 8",
	"DayText": "DayText 8",
	"OrgIn": "PT12H29M0S",
	"OrgOut": "PT17H50M12S",
	"OrgPairNum": "OrgPairNum 8",
	"DayType": "DayType 8",
	"PairNum": "PairNum 8",
	"Begtm": "Begtm 8",
	"Endtm": "Endtm 8",
	"Bterm": "Bterm 8",
	"Eterm": "Eterm 8",
	"BChange": "BChange 8",
	"EChange": "EChange 8",
	"Bgcod": "Bgcod 8",
	"Egcod": "Egcod 8",
	"Borigf": "Borigf 8",
	"Eorigf": "Eorigf 8",
	"AttAbsNum": "AttAbsNum 8",
	"AttAbsDisc": "AttAbsDisc 8",
	"StartAbs": "StartAbs 8",
	"EndAbs": "EndAbs 8",
	"AttandanceDaily": "AttandanceDaily 8",
	"TekenDaily": "TekenDaily 8",
	"RegularDaily": "RegularDaily 8",
	"OverDaily": "OverDaily 8",
	"LackDaily": "LackDaily 8",
	"EmpComment": "EmpComment 8",
	"MngComment": "MngComment 8",
	"__metadata": {
		"uri": "HeaderLinesnavSet(Pernr='Pernr%208',AttAbsNum='AttAbsNum%208')",
		"type": "ZHR_ESS_SELF_REPORTING_SRV_01.HeaderLinesnav"
	},
	"t554subtynav": {
		"__deferred": {
			"uri": "HeaderLinesnavSet(Pernr='Pernr%208',AttAbsNum='AttAbsNum%208')/t554subtynav"
		}
	}
}, {
	"Uname": "Uname 9",
	"Pernr": "pernr 9",
	"Ldate": "/Date(1094123636000)/",
	"Werks": "Werks 9",
	"WerksText": "WerksText 9",
	"Orgunit": "Orgunit 9",
	"OrgunitTxt": "OrgunitTxt 9",
	"PernrKey": "PernrKey 9",
	"DayText": "DayText 9",
	"OrgIn": "PT9H32M49S",
	"OrgOut": "PT18H26M50S",
	"OrgPairNum": "OrgPairNum 9",
	"DayType": "DayType 9",
	"PairNum": "PairNum 9",
	"Begtm": "Begtm 9",
	"Endtm": "Endtm 9",
	"Bterm": "Bterm 9",
	"Eterm": "Eterm 9",
	"BChange": "BChange 9",
	"EChange": "EChange 9",
	"Bgcod": "Bgcod 9",
	"Egcod": "Egcod 9",
	"Borigf": "Borigf 9",
	"Eorigf": "Eorigf 9",
	"AttAbsNum": "AttAbsNum 9",
	"AttAbsDisc": "AttAbsDisc 9",
	"StartAbs": "StartAbs 9",
	"EndAbs": "EndAbs 9",
	"AttandanceDaily": "AttandanceDaily 9",
	"TekenDaily": "TekenDaily 9",
	"RegularDaily": "RegularDaily 9",
	"OverDaily": "OverDaily 9",
	"LackDaily": "LackDaily 9",
	"EmpComment": "EmpComment 9",
	"MngComment": "MngComment 9",
	"__metadata": {
		"uri": "HeaderLinesnavSet(Pernr='Pernr%209',AttAbsNum='AttAbsNum%209')",
		"type": "ZHR_ESS_SELF_REPORTING_SRV_01.HeaderLinesnav"
	},
	"t554subtynav": {
		"__deferred": {
			"uri": "HeaderLinesnavSet(Pernr='Pernr%209',AttAbsNum='AttAbsNum%209')/t554subtynav"
		}
	}
}, {
	"Uname": "Uname 10",
	"Pernr": "pernr 10",
	"Ldate": "/Date(1377861236000)/",
	"Werks": "Werks 10",
	"WerksText": "WerksText 10",
	"Orgunit": "Orgunit 10",
	"OrgunitTxt": "OrgunitTxt 10",
	"PernrKey": "PernrKey 10",
	"DayText": "DayText 10",
	"OrgIn": "PT7H57M30S",
	"OrgOut": "PT14H41M24S",
	"OrgPairNum": "OrgPairNum 10",
	"DayType": "DayType 10",
	"PairNum": "PairNum 10",
	"Begtm": "Begtm 10",
	"Endtm": "Endtm 10",
	"Bterm": "Bterm 10",
	"Eterm": "Eterm 10",
	"BChange": "BChange 10",
	"EChange": "EChange 10",
	"Bgcod": "Bgcod 10",
	"Egcod": "Egcod 10",
	"Borigf": "Borigf 10",
	"Eorigf": "Eorigf 10",
	"AttAbsNum": "AttAbsNum 10",
	"AttAbsDisc": "AttAbsDisc 10",
	"StartAbs": "StartAbs 10",
	"EndAbs": "EndAbs 10",
	"AttandanceDaily": "AttandanceDaily 10",
	"TekenDaily": "TekenDaily 10",
	"RegularDaily": "RegularDaily 10",
	"OverDaily": "OverDaily 10",
	"LackDaily": "LackDaily 10",
	"EmpComment": "EmpComment 10",
	"MngComment": "MngComment 10",
	"__metadata": {
		"uri": "HeaderLinesnavSet(Pernr='Pernr%2010',AttAbsNum='AttAbsNum%2010')",
		"type": "ZHR_ESS_SELF_REPORTING_SRV_01.HeaderLinesnav"
	},
	"t554subtynav": {
		"__deferred": {
			"uri": "HeaderLinesnavSet(Pernr='Pernr%2010',AttAbsNum='AttAbsNum%2010')/t554subtynav"
		}
	}
}]