[{
	"Pernr": "pernr 1",
	"Idnumber": "Idnumber 1",
	"TmId": "TmId 1",
	"Ename": "Ename 1",
	"Orgtx": "Orgtx 1",
	"WerksText": "WerksText 1",
	"Zem": "Zem 1",
	"BtrtlText": "BtrtlText 1",
	"Postx": "Postx 1",
	"PersgText": "PersgText 1",
	"PerskText": "PerskText 1",
	"TchilatAvoda": "/Date(1360757661000)/",
	"MultiAssignment": "MultiAssignment 1",
	"__metadata": {
		"uri": "HeaderempnavSet('pernr%201')",
		"type": "ZHR_ESS_SELF_REPORTING_SRV_01.Headerempnav"
	}
}, {
	"Pernr": "pernr 2",
	"Idnumber": "Idnumber 2",
	"TmId": "TmId 2",
	"Ename": "Ename 2",
	"Orgtx": "Orgtx 2",
	"WerksText": "WerksText 2",
	"Zem": "Zem 2",
	"BtrtlText": "BtrtlText 2",
	"Postx": "Postx 2",
	"PersgText": "PersgText 2",
	"PerskText": "PerskText 2",
	"TchilatAvoda": "/Date(1534418061000)/",
	"MultiAssignment": "MultiAssignment 2",
	"__metadata": {
		"uri": "HeaderempnavSet('pernr%202')",
		"type": "ZHR_ESS_SELF_REPORTING_SRV_01.Headerempnav"
	}
}, {
	"Pernr": "pernr 3",
	"Idnumber": "Idnumber 3",
	"TmId": "TmId 3",
	"Ename": "Ename 3",
	"Orgtx": "Orgtx 3",
	"WerksText": "WerksText 3",
	"Zem": "Zem 3",
	"BtrtlText": "BtrtlText 3",
	"Postx": "Postx 3",
	"PersgText": "PersgText 3",
	"PerskText": "PerskText 3",
	"TchilatAvoda": "/Date(1037535261000)/",
	"MultiAssignment": "MultiAssignment 3",
	"__metadata": {
		"uri": "HeaderempnavSet('pernr%203')",
		"type": "ZHR_ESS_SELF_REPORTING_SRV_01.Headerempnav"
	}
}, {
	"Pernr": "pernr 4",
	"Idnumber": "Idnumber 4",
	"TmId": "TmId 4",
	"Ename": "Ename 4",
	"Orgtx": "Orgtx 4",
	"WerksText": "WerksText 4",
	"Zem": "Zem 4",
	"BtrtlText": "BtrtlText 4",
	"Postx": "Postx 4",
	"PersgText": "PersgText 4",
	"PerskText": "PerskText 4",
	"TchilatAvoda": "/Date(1315826061000)/",
	"MultiAssignment": "MultiAssignment 4",
	"__metadata": {
		"uri": "HeaderempnavSet('pernr%204')",
		"type": "ZHR_ESS_SELF_REPORTING_SRV_01.Headerempnav"
	}
}, {
	"Pernr": "pernr 5",
	"Idnumber": "Idnumber 5",
	"TmId": "TmId 5",
	"Ename": "Ename 5",
	"Orgtx": "Orgtx 5",
	"WerksText": "WerksText 5",
	"Zem": "Zem 5",
	"BtrtlText": "BtrtlText 5",
	"Postx": "Postx 5",
	"PersgText": "PersgText 5",
	"PerskText": "PerskText 5",
	"TchilatAvoda": "/Date(1079439261000)/",
	"MultiAssignment": "MultiAssignment 5",
	"__metadata": {
		"uri": "HeaderempnavSet('pernr%205')",
		"type": "ZHR_ESS_SELF_REPORTING_SRV_01.Headerempnav"
	}
}, {
	"Pernr": "pernr 6",
	"Idnumber": "Idnumber 6",
	"TmId": "TmId 6",
	"Ename": "Ename 6",
	"Orgtx": "Orgtx 6",
	"WerksText": "WerksText 6",
	"Zem": "Zem 6",
	"BtrtlText": "BtrtlText 6",
	"Postx": "Postx 6",
	"PersgText": "PersgText 6",
	"PerskText": "PerskText 6",
	"TchilatAvoda": "/Date(1337080461000)/",
	"MultiAssignment": "MultiAssignment 6",
	"__metadata": {
		"uri": "HeaderempnavSet('pernr%206')",
		"type": "ZHR_ESS_SELF_REPORTING_SRV_01.Headerempnav"
	}
}, {
	"Pernr": "pernr 7",
	"Idnumber": "Idnumber 7",
	"TmId": "TmId 7",
	"Ename": "Ename 7",
	"Orgtx": "Orgtx 7",
	"WerksText": "WerksText 7",
	"Zem": "Zem 7",
	"BtrtlText": "BtrtlText 7",
	"Postx": "Postx 7",
	"PersgText": "PersgText 7",
	"PerskText": "PerskText 7",
	"TchilatAvoda": "/Date(1462360461000)/",
	"MultiAssignment": "MultiAssignment 7",
	"__metadata": {
		"uri": "HeaderempnavSet('pernr%207')",
		"type": "ZHR_ESS_SELF_REPORTING_SRV_01.Headerempnav"
	}
}, {
	"Pernr": "pernr 8",
	"Idnumber": "Idnumber 8",
	"TmId": "TmId 8",
	"Ename": "Ename 8",
	"Orgtx": "Orgtx 8",
	"WerksText": "WerksText 8",
	"Zem": "Zem 8",
	"BtrtlText": "BtrtlText 8",
	"Postx": "Postx 8",
	"PersgText": "PersgText 8",
	"PerskText": "PerskText 8",
	"TchilatAvoda": "/Date(1358079261000)/",
	"MultiAssignment": "MultiAssignment 8",
	"__metadata": {
		"uri": "HeaderempnavSet('pernr%208')",
		"type": "ZHR_ESS_SELF_REPORTING_SRV_01.Headerempnav"
	}
}, {
	"Pernr": "pernr 9",
	"Idnumber": "Idnumber 9",
	"TmId": "TmId 9",
	"Ename": "Ename 9",
	"Orgtx": "Orgtx 9",
	"WerksText": "WerksText 9",
	"Zem": "Zem 9",
	"BtrtlText": "BtrtlText 9",
	"Postx": "Postx 9",
	"PersgText": "PersgText 9",
	"PerskText": "PerskText 9",
	"TchilatAvoda": "/Date(1095074061000)/",
	"MultiAssignment": "MultiAssignment 9",
	"__metadata": {
		"uri": "HeaderempnavSet('pernr%209')",
		"type": "ZHR_ESS_SELF_REPORTING_SRV_01.Headerempnav"
	}
}, {
	"Pernr": "pernr 10",
	"Idnumber": "Idnumber 10",
	"TmId": "TmId 10",
	"Ename": "Ename 10",
	"Orgtx": "Orgtx 10",
	"WerksText": "WerksText 10",
	"Zem": "Zem 10",
	"BtrtlText": "BtrtlText 10",
	"Postx": "Postx 10",
	"PersgText": "PersgText 10",
	"PerskText": "PerskText 10",
	"TchilatAvoda": "/Date(1434539661000)/",
	"MultiAssignment": "MultiAssignment 10",
	"__metadata": {
		"uri": "HeaderempnavSet('pernr%2010')",
		"type": "ZHR_ESS_SELF_REPORTING_SRV_01.Headerempnav"
	}
}]