[{
	"Pernr": "pernr 1",
	"Entitle33": 2160.83,
	"Deduct33": 1809.5,
	"Rest33": 892,
	"Entitle20": 5904.31,
	"Deduct20": 4223.57,
	"Rest20": 5750.51,
	"Entitle01": 8425.43,
	"Deduct01": 2464.94,
	"Rest01": 3687.06,
	"NocMonthEntitle": 3145.41,
	"NocMonthDeduct": 5754.23,
	"NocYearEntitle": 8870.54,
	"NocYearDeduct": 2922.46,
	"PayHrsMonth": 8221.27,
	"PayHrsYear": 9987.72,
	"__metadata": {
		"uri": "HeaderquatanavSet('Pernr%201')",
		"type": "ZHR_ESS_SELF_REPORTING_SRV_01.Headerquatanav"
	}
}, {
	"Pernr": "pernr 2",
	"Entitle33": 1519.25,
	"Deduct33": 243.65,
	"Rest33": 8137.29,
	"Entitle20": 8350.81,
	"Deduct20": 6019.31,
	"Rest20": 2676.29,
	"Entitle01": 653.46,
	"Deduct01": 4498.59,
	"Rest01": 8891.08,
	"NocMonthEntitle": 8446.68,
	"NocMonthDeduct": 571.37,
	"NocYearEntitle": 4216.27,
	"NocYearDeduct": 9637.02,
	"PayHrsMonth": 9040.38,
	"PayHrsYear": 210.93,
	"__metadata": {
		"uri": "HeaderquatanavSet('Pernr%202')",
		"type": "ZHR_ESS_SELF_REPORTING_SRV_01.Headerquatanav"
	}
}, {
	"Pernr": "pernr 3",
	"Entitle33": 6887.91,
	"Deduct33": 1949.46,
	"Rest33": 2109.7,
	"Entitle20": 833.39,
	"Deduct20": 25.65,
	"Rest20": 2171.23,
	"Entitle01": 4796.04,
	"Deduct01": 8399.87,
	"Rest01": 7934.31,
	"NocMonthEntitle": 2040.38,
	"NocMonthDeduct": 2498.69,
	"NocYearEntitle": 2037.58,
	"NocYearDeduct": 5887.85,
	"PayHrsMonth": 3468.57,
	"PayHrsYear": 738.16,
	"__metadata": {
		"uri": "HeaderquatanavSet('Pernr%203')",
		"type": "ZHR_ESS_SELF_REPORTING_SRV_01.Headerquatanav"
	}
}, {
	"Pernr": "pernr 4",
	"Entitle33": 4115.51,
	"Deduct33": 9922.76,
	"Rest33": 1428.78,
	"Entitle20": 4120.17,
	"Deduct20": 9068.83,
	"Rest20": 7435.96,
	"Entitle01": 7909.99,
	"Deduct01": 7630.71,
	"Rest01": 3893.6,
	"NocMonthEntitle": 6310.02,
	"NocMonthDeduct": 4383.32,
	"NocYearEntitle": 3511.36,
	"NocYearDeduct": 9234.88,
	"PayHrsMonth": 5921.7,
	"PayHrsYear": 4093.13,
	"__metadata": {
		"uri": "HeaderquatanavSet('Pernr%204')",
		"type": "ZHR_ESS_SELF_REPORTING_SRV_01.Headerquatanav"
	}
}, {
	"Pernr": "pernr 5",
	"Entitle33": 86.36,
	"Deduct33": 9144.12,
	"Rest33": 8468.51,
	"Entitle20": 159.1,
	"Deduct20": 8913.39,
	"Rest20": 3960.33,
	"Entitle01": 6276.86,
	"Deduct01": 6807.47,
	"Rest01": 4981.36,
	"NocMonthEntitle": 3086.25,
	"NocMonthDeduct": 5806.18,
	"NocYearEntitle": 1166.28,
	"NocYearDeduct": 7655.04,
	"PayHrsMonth": 6804.28,
	"PayHrsYear": 2545.99,
	"__metadata": {
		"uri": "HeaderquatanavSet('Pernr%205')",
		"type": "ZHR_ESS_SELF_REPORTING_SRV_01.Headerquatanav"
	}
}, {
	"Pernr": "pernr 6",
	"Entitle33": 355.17,
	"Deduct33": 5089.11,
	"Rest33": 6491.94,
	"Entitle20": 6312.97,
	"Deduct20": 1311.91,
	"Rest20": 4362.16,
	"Entitle01": 543.74,
	"Deduct01": 2928.11,
	"Rest01": 7935.27,
	"NocMonthEntitle": 1499.13,
	"NocMonthDeduct": 5264.02,
	"NocYearEntitle": 7238.31,
	"NocYearDeduct": 4760.95,
	"PayHrsMonth": 8874.37,
	"PayHrsYear": 9011.33,
	"__metadata": {
		"uri": "HeaderquatanavSet('Pernr%206')",
		"type": "ZHR_ESS_SELF_REPORTING_SRV_01.Headerquatanav"
	}
}, {
	"Pernr": "pernr 7",
	"Entitle33": 9465.2,
	"Deduct33": 1896.08,
	"Rest33": 1028.81,
	"Entitle20": 4528.4,
	"Deduct20": 6717.65,
	"Rest20": 6889.56,
	"Entitle01": 5753.71,
	"Deduct01": 3574.83,
	"Rest01": 6747.57,
	"NocMonthEntitle": 6580.52,
	"NocMonthDeduct": 4328.12,
	"NocYearEntitle": 4008.41,
	"NocYearDeduct": 8272.94,
	"PayHrsMonth": 2700.06,
	"PayHrsYear": 7863.64,
	"__metadata": {
		"uri": "HeaderquatanavSet('Pernr%207')",
		"type": "ZHR_ESS_SELF_REPORTING_SRV_01.Headerquatanav"
	}
}, {
	"Pernr": "pernr 8",
	"Entitle33": 9059.46,
	"Deduct33": 9783.03,
	"Rest33": 3351.2,
	"Entitle20": 7758.52,
	"Deduct20": 7828.97,
	"Rest20": 2422.22,
	"Entitle01": 8759.53,
	"Deduct01": 8489.64,
	"Rest01": 1360.95,
	"NocMonthEntitle": 7773.76,
	"NocMonthDeduct": 5492.66,
	"NocYearEntitle": 8581.04,
	"NocYearDeduct": 5855.23,
	"PayHrsMonth": 5321.33,
	"PayHrsYear": 244.06,
	"__metadata": {
		"uri": "HeaderquatanavSet('Pernr%208')",
		"type": "ZHR_ESS_SELF_REPORTING_SRV_01.Headerquatanav"
	}
}, {
	"Pernr": "pernr 9",
	"Entitle33": 4698.09,
	"Deduct33": 838.61,
	"Rest33": 2934.99,
	"Entitle20": 3635.63,
	"Deduct20": 4921.82,
	"Rest20": 6066,
	"Entitle01": 2810.15,
	"Deduct01": 3338.09,
	"Rest01": 8572.13,
	"NocMonthEntitle": 269.62,
	"NocMonthDeduct": 3475.02,
	"NocYearEntitle": 3587.85,
	"NocYearDeduct": 8411.57,
	"PayHrsMonth": 7965.18,
	"PayHrsYear": 5268.63,
	"__metadata": {
		"uri": "HeaderquatanavSet('Pernr%209')",
		"type": "ZHR_ESS_SELF_REPORTING_SRV_01.Headerquatanav"
	}
}, {
	"Pernr": "pernr 10",
	"Entitle33": 633.32,
	"Deduct33": 2783.21,
	"Rest33": 8456.97,
	"Entitle20": 510,
	"Deduct20": 94.9,
	"Rest20": 4963.52,
	"Entitle01": 796.52,
	"Deduct01": 2499.41,
	"Rest01": 3991.08,
	"NocMonthEntitle": 3076.81,
	"NocMonthDeduct": 2370.81,
	"NocYearEntitle": 8715.47,
	"NocYearDeduct": 2881.29,
	"PayHrsMonth": 9862.49,
	"PayHrsYear": 9460.87,
	"__metadata": {
		"uri": "HeaderquatanavSet('Pernr%2010')",
		"type": "ZHR_ESS_SELF_REPORTING_SRV_01.Headerquatanav"
	}
}]