[{
	"Subty": "Subty 1",
	"Atext": "Atext 1",
	"__metadata": {
		"uri": "T554s_subtySet('Subty%201')",
		"type": "ZHR_ESS_SELF_REPORTING_SRV_01.T554s_subtynav"
	}
}, {
	"Subty": "Subty 2",
	"Atext": "Atext 2",
	"__metadata": {
		"uri": "T554s_subtySet('Subty%202')",
		"type": "ZHR_ESS_SELF_REPORTING_SRV_01.T554s_subtynav"
	}
}, {
	"Subty": "Subty 3",
	"Atext": "Atext 3",
	"__metadata": {
		"uri": "T554s_subtySet('Subty%203')",
		"type": "ZHR_ESS_SELF_REPORTING_SRV_01.T554s_subtynav"
	}
}, {
	"Subty": "Subty 4",
	"Atext": "Atext 4",
	"__metadata": {
		"uri": "T554s_subtySet('Subty%204')",
		"type": "ZHR_ESS_SELF_REPORTING_SRV_01.T554s_subtynav"
	}
}, {
	"Subty": "Subty 5",
	"Atext": "Atext 5",
	"__metadata": {
		"uri": "T554s_subtySet('Subty%205')",
		"type": "ZHR_ESS_SELF_REPORTING_SRV_01.T554s_subtynav"
	}
}, {
	"Subty": "Subty 6",
	"Atext": "Atext 6",
	"__metadata": {
		"uri": "T554s_subtySet('Subty%206')",
		"type": "ZHR_ESS_SELF_REPORTING_SRV_01.T554s_subtynav"
	}
}, {
	"Subty": "Subty 7",
	"Atext": "Atext 7",
	"__metadata": {
		"uri": "T554s_subtySet('Subty%207')",
		"type": "ZHR_ESS_SELF_REPORTING_SRV_01.T554s_subtynav"
	}
}, {
	"Subty": "Subty 8",
	"Atext": "Atext 8",
	"__metadata": {
		"uri": "T554s_subtySet('Subty%208')",
		"type": "ZHR_ESS_SELF_REPORTING_SRV_01.T554s_subtynav"
	}
}, {
	"Subty": "Subty 9",
	"Atext": "Atext 9",
	"__metadata": {
		"uri": "T554s_subtySet('Subty%209')",
		"type": "ZHR_ESS_SELF_REPORTING_SRV_01.T554s_subtynav"
	}
}, {
	"Subty": "Subty 10",
	"Atext": "Atext 10",
	"__metadata": {
		"uri": "T554s_subtySet('Subty%2010')",
		"type": "ZHR_ESS_SELF_REPORTING_SRV_01.T554s_subtynav"
	}
}]