[{
	"Pernr": "pernr 1",
	"Overtime100": "Overtime100 1",
	"Overtime125": "Overtime125 1",
	"Overtime150": "Overtime150 1",
	"Lack": "Lack 1",
	"OvertimeUnpaid": "OvertimeUnpaid 1",
	"__metadata": {
		"uri": "Tm_monthlySet('pernr%201')",
		"type": "ZHR_ESS_SELF_REPORTING_SRV_01.Tm_monthly"
	}
}, {
	"Pernr": "pernr 2",
	"Overtime100": "Overtime100 2",
	"Overtime125": "Overtime125 2",
	"Overtime150": "Overtime150 2",
	"Lack": "Lack 2",
	"OvertimeUnpaid": "OvertimeUnpaid 2",
	"__metadata": {
		"uri": "Tm_monthlySet('pernr%202')",
		"type": "ZHR_ESS_SELF_REPORTING_SRV_01.Tm_monthly"
	}
}, {
	"Pernr": "pernr 3",
	"Overtime100": "Overtime100 3",
	"Overtime125": "Overtime125 3",
	"Overtime150": "Overtime150 3",
	"Lack": "Lack 3",
	"OvertimeUnpaid": "OvertimeUnpaid 3",
	"__metadata": {
		"uri": "Tm_monthlySet('pernr%203')",
		"type": "ZHR_ESS_SELF_REPORTING_SRV_01.Tm_monthly"
	}
}, {
	"Pernr": "pernr 4",
	"Overtime100": "Overtime100 4",
	"Overtime125": "Overtime125 4",
	"Overtime150": "Overtime150 4",
	"Lack": "Lack 4",
	"OvertimeUnpaid": "OvertimeUnpaid 4",
	"__metadata": {
		"uri": "Tm_monthlySet('pernr%204')",
		"type": "ZHR_ESS_SELF_REPORTING_SRV_01.Tm_monthly"
	}
}, {
	"Pernr": "pernr 5",
	"Overtime100": "Overtime100 5",
	"Overtime125": "Overtime125 5",
	"Overtime150": "Overtime150 5",
	"Lack": "Lack 5",
	"OvertimeUnpaid": "OvertimeUnpaid 5",
	"__metadata": {
		"uri": "Tm_monthlySet('pernr%205')",
		"type": "ZHR_ESS_SELF_REPORTING_SRV_01.Tm_monthly"
	}
}, {
	"Pernr": "pernr 6",
	"Overtime100": "Overtime100 6",
	"Overtime125": "Overtime125 6",
	"Overtime150": "Overtime150 6",
	"Lack": "Lack 6",
	"OvertimeUnpaid": "OvertimeUnpaid 6",
	"__metadata": {
		"uri": "Tm_monthlySet('pernr%206')",
		"type": "ZHR_ESS_SELF_REPORTING_SRV_01.Tm_monthly"
	}
}, {
	"Pernr": "pernr 7",
	"Overtime100": "Overtime100 7",
	"Overtime125": "Overtime125 7",
	"Overtime150": "Overtime150 7",
	"Lack": "Lack 7",
	"OvertimeUnpaid": "OvertimeUnpaid 7",
	"__metadata": {
		"uri": "Tm_monthlySet('pernr%207')",
		"type": "ZHR_ESS_SELF_REPORTING_SRV_01.Tm_monthly"
	}
}, {
	"Pernr": "pernr 8",
	"Overtime100": "Overtime100 8",
	"Overtime125": "Overtime125 8",
	"Overtime150": "Overtime150 8",
	"Lack": "Lack 8",
	"OvertimeUnpaid": "OvertimeUnpaid 8",
	"__metadata": {
		"uri": "Tm_monthlySet('pernr%208')",
		"type": "ZHR_ESS_SELF_REPORTING_SRV_01.Tm_monthly"
	}
}, {
	"Pernr": "pernr 9",
	"Overtime100": "Overtime100 9",
	"Overtime125": "Overtime125 9",
	"Overtime150": "Overtime150 9",
	"Lack": "Lack 9",
	"OvertimeUnpaid": "OvertimeUnpaid 9",
	"__metadata": {
		"uri": "Tm_monthlySet('pernr%209')",
		"type": "ZHR_ESS_SELF_REPORTING_SRV_01.Tm_monthly"
	}
}, {
	"Pernr": "pernr 10",
	"Overtime100": "Overtime100 10",
	"Overtime125": "Overtime125 10",
	"Overtime150": "Overtime150 10",
	"Lack": "Lack 10",
	"OvertimeUnpaid": "OvertimeUnpaid 10",
	"__metadata": {
		"uri": "Tm_monthlySet('pernr%2010')",
		"type": "ZHR_ESS_SELF_REPORTING_SRV_01.Tm_monthly"
	}
}]