{
  "milk": [
    {
      "Week": "Week 1 - 4",
      "Revenue": 431000.22,
      "Cost": 230000.00,
      "Cost1": 24800.63,
      "Cost2": 205199.37,
      "Cost3": 199999.37,
      "Target": 500000.00,
      "Budget": 210000.00,
      "Cost4": 12345.67,
      "Cost5": 23456.78
    },
    {
      "Week": "Week 5 - 8",
      "Revenue": 494000.30,
      "Cost": 238000.00,
      "Cost1": 99200.39,
      "Cost2": 138799.61,
      "Cost3": 200199.37,
      "Target": 500000.00,
      "Budget": 224000.00,
      "Cost4": 34567.89,
      "Cost5": 45678.90
    },
    {
      "Week": "Week 9 - 12",
      "Revenue": 491000.17,
      "Cost": 221000.00,
      "Cost1": 70200.54,
      "Cost2": 150799.46,
      "Cost3": 80799.46,
      "Target": 500000.00,
      "Budget": 238000.00,
      "Cost4": 56789.01,
      "Cost5": 67890.12
    },
    {
      "Week": "Week 13 - 16",
      "Revenue": 536000.34,
      "Cost": 280000.00,
      "Cost1": 158800.73,
      "Cost2": 121199.27,
      "Cost3": 108800.46,
      "Target": 500000.00,
      "Budget": 252000.00,
      "Cost4": 78901.23,
      "Cost5": 89012.34
    },
    {
      "Week": "Week 17 - 20",
      "Revenue": 675000.00,
      "Cost": 230000.00,
      "Cost1": 140000.91,
      "Cost2": 89999.09,
      "Cost3": 100099.09,
      "Target": 600000.00,
      "Budget": 266000.00,
      "Cost4": 90123.45,
      "Cost5": 12345.67
    }
  ]
}