{
  "Rows": [
	{
	  "Supplier": "ACME corp.",
	  "Supplier ID": 4001256180,
	  "Sales Manager": "Kroos",
	  "Product ID": "10008-09077",
	  "Unit Price": "$107,81",
	  "Period": "001",
	  "Target": 320,
	  "Actual": 350,
	  "maxValue": 600,
	  "minValue": 0,
	  "AMER": 200,
	  "APAC": 100,
	  "EMEA": 50,
	  "maxValueC": 200,
	  "minValueC": 0,
	  "Retail": 64,
	  "Online": 26,
	  "Direct": 10
	},
	{
	  "Supplier": "ACME corp.",
	  "Supplier ID": 4001256180,
	  "Sales Manager": "Kroos",
	  "Product ID": "10012-20312",
	  "Unit Price": "$168,56",
	  "Period": "001",
	  "Target": 170,
	  "Actual": 160,
	  "maxValue": 600,
	  "minValue": 0,
	  "AMER": 50,
	  "APAC": 30,
	  "EMEA": 80,
	  "maxValueC": 200,
	  "minValueC": 0,
	  "Retail": 71,
	  "Online": 19,
	  "Direct": 10
	},
	{
	  "Supplier": "ACME corp.",
	  "Supplier ID": 4001256180,
	  "Sales Manager": "Kroos",
	  "Product ID": "10050-01469",
	  "Unit Price": "$147,44",
	  "Period": "001",
	  "Target": 175,
	  "Actual": 211,
	  "maxValue": 600,
	  "minValue": 0,
	  "AMER": 111,
	  "APAC": 90,
	  "EMEA": 10,
	  "maxValueC": 200,
	  "minValueC": 0,
	  "Retail": 64,
	  "Online": 26,
	  "Direct": 10
	},
	{
	  "Supplier": "ACME corp.",
	  "Supplier ID": 4001256180,
	  "Sales Manager": "Kroos",
	  "Product ID": "10062-01613",
	  "Unit Price": "$130,57",
	  "Period": "001",
	  "Target": 330,
	  "Actual": 300,
	  "maxValue": 600,
	  "minValue": 0,
	  "AMER": 70,
	  "APAC": 100,
	  "EMEA": 130,
	  "maxValueC": 200,
	  "minValueC": 0,
	  "Retail": 86,
	  "Online": 4,
	  "Direct": 10
	},
	{
	  "Supplier": "ACME corp.",
	  "Supplier ID": 4001256180,
	  "Sales Manager": "Kroos",
	  "Product ID": "10023-09679",
	  "Unit Price": "$178,27",
	  "Period": "001",
	  "Target": 145,
	  "Actual": 190,
	  "maxValue": 600,
	  "minValue": 0,
	  "AMER": 50,
	  "APAC": 50,
	  "EMEA": 90,
	  "maxValueC": 200,
	  "minValueC": 0,
	  "Retail": 75,
	  "Online": 15,
	  "Direct": 10
	},
	{
	  "Supplier": "ACME corp.",
	  "Supplier ID": 4001256180,
	  "Sales Manager": "Kroos",
	  "Product ID": "10097-44674",
	  "Unit Price": "$185,93",
	  "Period": "001",
	  "Target": 300,
	  "Actual": 82,
	  "maxValue": 600,
	  "minValue": 0,
	  "AMER": 40,
	  "APAC": 22,
	  "EMEA": 20,
	  "maxValueC": 200,
	  "minValueC": 0,
	  "Retail": 69,
	  "Online": 21,
	  "Direct": 10
	},
	{
	  "Supplier": "McDermott Electronics",
	  "Supplier ID": 4007066298,
	  "Sales Manager": "Müller",
	  "Product ID": "10074-65773",
	  "Unit Price": "$149,00",
	  "Period": "001",
	  "Target": 120,
	  "Actual": 195,
	  "maxValue": 600,
	  "minValue": 0,
	  "AMER": 100,
	  "APAC": 5,
	  "EMEA": 90,
	  "maxValueC": 200,
	  "minValueC": 0,
	  "Retail": 74,
	  "Online": 16,
	  "Direct": 10
	},
	{
	  "Supplier": "McDermott Electronics",
	  "Supplier ID": 4007066298,
	  "Sales Manager": "Müller",
	  "Product ID": "10021-63924",
	  "Unit Price": "$127,09",
	  "Period": "001",
	  "Target": 360,
	  "Actual": 290,
	  "maxValue": 600,
	  "minValue": 0,
	  "AMER": 70,
	  "APAC": 120,
	  "EMEA": 100,
	  "maxValueC": 200,
	  "minValueC": 0,
	  "Retail": 80,
	  "Online": 10,
	  "Direct": 10
	},
	{
	  "Supplier": "McDermott Electronics",
	  "Supplier ID": 4007066298,
	  "Sales Manager": "Müller",
	  "Product ID": "10007-08536",
	  "Unit Price": "$117,01",
	  "Period": "001",
	  "Target": 150,
	  "Actual": 140,
	  "maxValue": 600,
	  "minValue": 0,
	  "AMER": 50,
	  "APAC": 40,
	  "EMEA": 50,
	  "maxValueC": 200,
	  "minValueC": 0,
	  "Retail": 73,
	  "Online": 17,
	  "Direct": 10
	},
	{
	  "Supplier": "McDermott Electronics",
	  "Supplier ID": 4007066298,
	  "Sales Manager": "Müller",
	  "Product ID": "10027-50129",
	  "Unit Price": "$128,21",
	  "Period": "001",
	  "Target": 130,
	  "Actual": 162,
	  "maxValue": 600,
	  "minValue": 0,
	  "AMER": 82,
	  "APAC": 45,
	  "EMEA": 35,
	  "maxValueC": 200,
	  "minValueC": 0,
	  "Retail": 81,
	  "Online": 9,
	  "Direct": 10
	},
	{
	  "Supplier": "McDermott Electronics",
	  "Supplier ID": 4007066298,
	  "Sales Manager": "Müller",
	  "Product ID": "10066-53335",
	  "Unit Price": "$175,35",
	  "Period": "001",
	  "Target": 210,
	  "Actual": 275,
	  "maxValue": 600,
	  "minValue": 0,
	  "AMER": 175,
	  "APAC": 10,
	  "EMEA": 90,
	  "maxValueC": 200,
	  "minValueC": 0,
	  "Retail": 82,
	  "Online": 8,
	  "Direct": 10
	},
	{
	  "Supplier": "Nelson's Holdings",
	  "Supplier ID": 4008171711,
	  "Sales Manager": "Müller",
	  "Product ID": "10030-60039",
	  "Unit Price": "$182,56",
	  "Period": "001",
	  "Target": 100,
	  "Actual": 120,
	  "maxValue": 600,
	  "minValue": 0,
	  "AMER": 40,
	  "APAC": 40,
	  "EMEA": 40,
	  "maxValueC": 200,
	  "minValueC": 0,
	  "Retail": 75,
	  "Online": 15,
	  "Direct": 10
	},
	{
	  "Supplier": "Nelson's Holdings",
	  "Supplier ID": 4008171711,
	  "Sales Manager": "Müller",
	  "Product ID": "10055-63061",
	  "Unit Price": "$131,63",
	  "Period": "001",
	  "Target": 100,
	  "Actual": 95,
	  "maxValue": 600,
	  "minValue": 0,
	  "AMER": 35,
	  "APAC": 15,
	  "EMEA": 45,
	  "maxValueC": 200,
	  "minValueC": 0,
	  "Retail": 61,
	  "Online": 29,
	  "Direct": 10
	},
	{
	  "Supplier": "Nelson's Holdings",
	  "Supplier ID": 4008171711,
	  "Sales Manager": "Müller",
	  "Product ID": "10016-47603",
	  "Unit Price": "$123,98",
	  "Period": "001",
	  "Target": 200,
	  "Actual": 159,
	  "maxValue": 600,
	  "minValue": 0,
	  "AMER": 59,
	  "APAC": 40,
	  "EMEA": 60,
	  "maxValueC": 200,
	  "minValueC": 0,
	  "Retail": 82,
	  "Online": 8,
	  "Direct": 10
	},
	{
	  "Supplier": "Nelson's Holdings",
	  "Supplier ID": 4008171711,
	  "Sales Manager": "Müller",
	  "Product ID": "10090-23648",
	  "Unit Price": "$105,54",
	  "Period": "001",
	  "Target": 300,
	  "Actual": 450,
	  "maxValue": 600,
	  "minValue": 0,
	  "AMER": 100,
	  "APAC": 150,
	  "EMEA": 200,
	  "maxValueC": 200,
	  "minValueC": 0,
	  "Retail": 74,
	  "Online": 16,
	  "Direct": 10
	},
	{
	  "Supplier": "Nelson's Holdings",
	  "Supplier ID": 4008171711,
	  "Sales Manager": "Müller",
	  "Product ID": "10030-45096",
	  "Unit Price": "$161,90",
	  "Period": "001",
	  "Target": 100,
	  "Actual": 107,
	  "maxValue": 600,
	  "minValue": 0,
	  "AMER": 77,
	  "APAC": 20,
	  "EMEA": 10,
	  "maxValueC": 200,
	  "minValueC": 0,
	  "Retail": 58,
	  "Online": 32,
	  "Direct": 10
	},
	{
	  "Supplier": "Nelson's Holdings",
	  "Supplier ID": 4008171711,
	  "Sales Manager": "Müller",
	  "Product ID": "10058-11336",
	  "Unit Price": "$151,12",
	  "Period": "001",
	  "Target": 108,
	  "Actual": 145,
	  "maxValue": 600,
	  "minValue": 0,
	  "AMER": 10,
	  "APAC": 45,
	  "EMEA": 90,
	  "maxValueC": 200,
	  "minValueC": 0,
	  "Retail": 82,
	  "Online": 8,
	  "Direct": 10
	},
	{
	  "Supplier": "Nelson's Holdings",
	  "Supplier ID": 4008171711,
	  "Sales Manager": "Müller",
	  "Product ID": "10070-09701",
	  "Unit Price": "$134,42",
	  "Period": "001",
	  "Target": 205,
	  "Actual": 255,
	  "maxValue": 600,
	  "minValue": 0,
	  "AMER": 55,
	  "APAC": 110,
	  "EMEA": 90,
	  "maxValueC": 200,
	  "minValueC": 0,
	  "Retail": 64,
	  "Online": 26,
	  "Direct": 10
	},
	{
	  "Supplier": "PCC&PPC",
	  "Supplier ID": 4009476409,
	  "Sales Manager": "Neuer",
	  "Product ID": "10038-56115",
	  "Unit Price": "$176,46",
	  "Period": "001",
	  "Target": 120,
	  "Actual": 170,
	  "maxValue": 600,
	  "minValue": 0,
	  "AMER": 60,
	  "APAC": 50,
	  "EMEA": 60,
	  "maxValueC": 200,
	  "minValueC": 0,
	  "Retail": 68,
	  "Online": 22,
	  "Direct": 10
	},
	{
	  "Supplier": "PCC&PPC",
	  "Supplier ID": 4009476409,
	  "Sales Manager": "Neuer",
	  "Product ID": "10024-06322",
	  "Unit Price": "$171,88",
	  "Period": "001",
	  "Target": 200,
	  "Actual": 150,
	  "maxValue": 600,
	  "minValue": 0,
	  "AMER": 30,
	  "APAC": 100,
	  "EMEA": 20,
	  "maxValueC": 200,
	  "minValueC": 0,
	  "Retail": 66,
	  "Online": 24,
	  "Direct": 10
	},
	{
	  "Supplier": "PCC&PPC",
	  "Supplier ID": 4009476409,
	  "Sales Manager": "Neuer",
	  "Product ID": "10028-24734",
	  "Unit Price": "$124,20",
	  "Period": "001",
	  "Target": 330,
	  "Actual": 250,
	  "maxValue": 600,
	  "minValue": 0,
	  "AMER": 120,
	  "APAC": 60,
	  "EMEA": 70,
	  "maxValueC": 200,
	  "minValueC": 0,
	  "Retail": 73,
	  "Online": 17,
	  "Direct": 10
	},
	{
	  "Supplier": "PCC&PPC",
	  "Supplier ID": 4009476409,
	  "Sales Manager": "Neuer",
	  "Product ID": "10020-33554",
	  "Unit Price": "$150,61",
	  "Period": "001",
	  "Target": 115,
	  "Actual": 70,
	  "maxValue": 600,
	  "minValue": 0,
	  "AMER": 35,
	  "APAC": 0,
	  "EMEA": 35,
	  "maxValueC": 200,
	  "minValueC": 0,
	  "Retail": 76,
	  "Online": 14,
	  "Direct": 10
	},
	{
	  "Supplier": "PCC&PPC",
	  "Supplier ID": 4009948709,
	  "Sales Manager": "Neuer",
	  "Product ID": "10066-15517",
	  "Unit Price": "$139,30",
	  "Period": "001",
	  "Target": 130,
	  "Actual": 70,
	  "maxValue": 600,
	  "minValue": 0,
	  "AMER": 0,
	  "APAC": 35,
	  "EMEA": 35,
	  "maxValueC": 200,
	  "minValueC": 0,
	  "Retail": 75,
	  "Online": 15,
	  "Direct": 10
	},
	{
	  "Supplier": "PCC&PPC",
	  "Supplier ID": 4009948709,
	  "Sales Manager": "Neuer",
	  "Product ID": "10032-22268",
	  "Unit Price": "$157,42",
	  "Period": "001",
	  "Target": 160,
	  "Actual": 120,
	  "maxValue": 600,
	  "minValue": 0,
	  "AMER": 50,
	  "APAC": 20,
	  "EMEA": 50,
	  "maxValueC": 200,
	  "minValueC": 0,
	  "Retail": 62,
	  "Online": 28,
	  "Direct": 10
	},
	{
	  "Supplier": "PCC&PPC",
	  "Supplier ID": 4009948709,
	  "Sales Manager": "Neuer",
	  "Product ID": "10059-15561",
	  "Unit Price": "$199,85",
	  "Period": "001",
	  "Target": 180,
	  "Actual": 135,
	  "maxValue": 600,
	  "minValue": 0,
	  "AMER": 60,
	  "APAC": 35,
	  "EMEA": 40,
	  "maxValueC": 200,
	  "minValueC": 0,
	  "Retail": 71,
	  "Online": 19,
	  "Direct": 10
	},
	{
	  "Supplier": "PCC&PPC",
	  "Supplier ID": 4009948709,
	  "Sales Manager": "Neuer",
	  "Product ID": "10059-49159",
	  "Unit Price": "$176,96",
	  "Period": "001",
	  "Target": 100,
	  "Actual": 140,
	  "maxValue": 600,
	  "minValue": 0,
	  "AMER": 40,
	  "APAC": 70,
	  "EMEA": 30,
	  "maxValueC": 200,
	  "minValueC": 0,
	  "Retail": 76,
	  "Online": 14,
	  "Direct": 10
	},
	{
	  "Supplier": "PCC&PPC",
	  "Supplier ID": 4009948709,
	  "Sales Manager": "Neuer",
	  "Product ID": "10053-29744",
	  "Unit Price": "$196,37",
	  "Period": "001",
	  "Target": 350,
	  "Actual": 300,
	  "maxValue": 600,
	  "minValue": 0,
	  "AMER": 100,
	  "APAC": 90,
	  "EMEA": 110,
	  "maxValueC": 200,
	  "minValueC": 0,
	  "Retail": 76,
	  "Online": 14,
	  "Direct": 10
	},
	{
	  "Supplier": "PCC&PPC",
	  "Supplier ID": 4009948709,
	  "Sales Manager": "Neuer",
	  "Product ID": "10058-87596",
	  "Unit Price": "$125,99",
	  "Period": "001",
	  "Target": 250,
	  "Actual": 100,
	  "maxValue": 600,
	  "minValue": 0,
	  "AMER": 33,
	  "APAC": 37,
	  "EMEA": 30,
	  "maxValueC": 200,
	  "minValueC": 0,
	  "Retail": 87,
	  "Online": 3,
	  "Direct": 10
	},
	{
	  "Supplier": "PCC&PPC",
	  "Supplier ID": 4009948709,
	  "Sales Manager": "Neuer",
	  "Product ID": "10016-16107",
	  "Unit Price": "$191,59",
	  "Period": "001",
	  "Target": 220,
	  "Actual": 208,
	  "maxValue": 600,
	  "minValue": 0,
	  "AMER": 100,
	  "APAC": 108,
	  "EMEA": 0,
	  "maxValueC": 200,
	  "minValueC": 0,
	  "Retail": 74,
	  "Online": 16,
	  "Direct": 10
	},
	{
	  "Supplier": "SAPT Germany",
	  "Supplier ID": 4009982679,
	  "Sales Manager": "Özil",
	  "Product ID": "10079-43500",
	  "Unit Price": "$109,04",
	  "Period": "001",
	  "Target": 300,
	  "Actual": 120,
	  "maxValue": 600,
	  "minValue": 0,
	  "AMER": 30,
	  "APAC": 30,
	  "EMEA": 60,
	  "maxValueC": 200,
	  "minValueC": 0,
	  "Retail": 62,
	  "Online": 28,
	  "Direct": 10
	}
  ]
}
