{
  "deploy": {
    "destination": "FRD",
    "name": "ZPRODUCTMNG"
  },
  "translation": {
    "translationDomain": "",
    "supportedLanguages": "",
    "defaultLanguage": "",
    "defaultI18NPropertyFile": "",
    "resourceModelName": ""
  },
  "mockpreview": {
    "mockUri": "/sap/opu/odata/sap/ZBO_ODATA_BKPF_SRV/",
    "metadataFilePath": "localService/metadata.xml",
    "mockRequestsFilePath": "",
    "loadJSONFiles": false,
    "loadCustomRequests": false
  },
  "basevalidator": {
    "services": {
      "js": "fioriJsValidator"
    }
  }
}