[
	{
		"ObjectID" : "ObjectID_1",
		"Name" : "עובד 01",
		"Attribute1" : "Attribute A",
		"Attribute2" : "Attribute B",
		"UnitOfMeasure" : "UoM",
		"UnitNumber" : 81
	}, {
		"ObjectID" : "ObjectID_2",
		"Name" : "עובד 02",
		"Attribute1" : "Attribute C",
		"Attribute2" : "Attribute D",
		"UnitOfMeasure" : "UoM",
		"UnitNumber" : 42
	}, {
		"ObjectID" : "ObjectID_3",
		"Name" : "עובד 03",
		"Attribute1" : "Attribute E",
		"Attribute2" : "Attribute F",
		"UnitOfMeasure" : "UoM",
		"UnitNumber" : 27
	}, {
		"ObjectID" : "ObjectID_4",
		"Name" : "עובד 04",
		"Attribute1" : "Attribute G",
		"Attribute2" : "Attribute H",
		"UnitOfMeasure" : "UoM",
		"UnitNumber" : 13
	}, {
		"ObjectID" : "ObjectID_5",
		"Name" : "עובד 05",
		"Attribute1" : "Attribute I",
		"Attribute2" : "Attribute J",
		"UnitOfMeasure" : "UoM",
		"UnitNumber" : 121
	}, {
		"ObjectID" : "ObjectID_6",
		"Name" : "עובד 06",
		"Attribute1" : "Attribute K",
		"Attribute2" : "Attribute L",
		"UnitOfMeasure" : "UoM",
		"UnitNumber" : 481
	}, {
		"ObjectID" : "ObjectID_7",
		"Name" : "עובד 07",
		"Attribute1" : "Attribute M",
		"Attribute2" : "Attribute N",
		"UnitOfMeasure" : "UoM",
		"UnitNumber" : 63
	}, {
		"ObjectID" : "ObjectID_8",
		"Name" : "עובד 08",
		"Attribute1" : "Attribute O",
		"Attribute2" : "Attribute P",
		"UnitOfMeasure" : "UoM",
		"UnitNumber" : 28
	}, {
		"ObjectID" : "ObjectID_9",
		"Name" : "עובד 09",
		"Attribute1" : "Attribute Q",
		"Attribute2" : "Attribute R",
		"UnitOfMeasure" : "UoM",
		"UnitNumber" : 25
	}, {
		"ObjectID" : "ObjectID_10",
		"Name" : "עובד 10",
		"Attribute1" : "Attribute S",
		"Attribute2" : "Attribute T",
		"UnitOfMeasure" : "UoM",
		"UnitNumber" : 106
	}, {
		"ObjectID" : "ObjectID_11",
		"Name" : "עובד 11",
		"Attribute1" : "Attribute U",
		"Attribute2" : "Attribute V",
		"UnitOfMeasure" : "UoM",
		"UnitNumber" : 61
	}, {
		"ObjectID" : "ObjectID_12",
		"Name" : "עובד 12",
		"Attribute1" : "Attribute W",
		"Attribute2" : "Attribute X",
		"UnitOfMeasure" : "UoM",
		"UnitNumber" : 3006
	}, {
		"ObjectID" : "ObjectID_13",
		"Name" : "עובד 13",
		"Attribute1" : "Attribute Y",
		"Attribute2" : "Attribute Z",
		"UnitOfMeasure" : "UoM",
		"UnitNumber" : 256
	}, {
		"ObjectID" : "ObjectID_14",
		"Name" : "עובד 14",
		"Attribute1" : "Attribute AA",
		"Attribute2" : "Attribute AB",
		"UnitOfMeasure" : "UoM",
		"UnitNumber" : 234
	}, {
		"ObjectID" : "ObjectID_15",
		"Name" : "עובד 15",
		"Attribute1" : "Attribute AC",
		"Attribute2" : "Attribute AD",
		"UnitOfMeasure" : "UoM",
		"UnitNumber" : 34
	}, {
		"ObjectID" : "ObjectID_16",
		"Name" : "עובד 16",
		"Attribute1" : "Attribute AE",
		"Attribute2" : "Attribute AF",
		"UnitOfMeasure" : "UoM",
		"UnitNumber" : -60
	}, {
		"ObjectID" : "ObjectID_17",
		"Name" : "עובד 17",
		"Attribute1" : "Attribute AG",
		"Attribute2" : "Attribute AH",
		"UnitOfMeasure" : "UoM",
		"UnitNumber" : 3006
	}, {
		"ObjectID" : "ObjectID_18",
		"Name" : "עובד 18",
		"Attribute1" : "Attribute AI",
		"Attribute2" : "Attribute AJ",
		"UnitOfMeasure" : "UoM",
		"UnitNumber" : 4587
	}, {
		"ObjectID" : "ObjectID_19",
		"Name" : "עובד 19",
		"Attribute1" : "Attribute AK",
		"Attribute2" : "Attribute AL",
		"UnitOfMeasure" : "UoM",
		"UnitNumber" : 560
	}, {
		"ObjectID" : "ObjectID_20",
		"Name" : "עובד 20",
		"Attribute1" : "Attribute AM",
		"Attribute2" : "Attribute AN",
		"UnitOfMeasure" : "UoM",
		"UnitNumber" : 4503
	}, {
		"ObjectID" : "ObjectID_21",
		"Name" : "עובד 21",
		"Attribute1" : "Attribute AO",
		"Attribute2" : "Attribute AP",
		"UnitOfMeasure" : "UoM",
		"UnitNumber" : 5423
	}, {
		"ObjectID" : "ObjectID_22",
		"Name" : "עובד 22",
		"Attribute1" : "Attribute AQ",
		"Attribute2" : "Attribute AR",
		"UnitOfMeasure" : "UoM",
		"UnitNumber" : 5436
	}, {
		"ObjectID" : "ObjectID_23",
		"Name" : "עובד 23",
		"Attribute1" : "Attribute AS",
		"Attribute2" : "Attribute AT",
		"UnitOfMeasure" : "UoM",
		"UnitNumber" : 26263
	}, {
		"ObjectID" : "ObjectID_24",
		"Name" : "עובד 24",
		"Attribute1" : "Attribute AU",
		"Attribute2" : "Attribute AV",
		"UnitOfMeasure" : "UoM",
		"UnitNumber" : 983
	}, {
		"ObjectID" : "ObjectID_25",
		"Name" : "עובד 25",
		"Attribute1" : "Attribute AW",
		"Attribute2" : "Attribute AX",
		"UnitOfMeasure" : "UoM",
		"UnitNumber" : 1637
	}, {
		"ObjectID" : "ObjectID_26",
		"Name" : "עובד 26",
		"Attribute1" : "Attribute AY",
		"Attribute2" : "Attribute AZ",
		"UnitOfMeasure" : "UoM",
		"UnitNumber" : 4874
	}, {
		"ObjectID" : "ObjectID_27",
		"Name" : "עובד 27",
		"Attribute1" : "Attribute BA",
		"Attribute2" : "Attribute BB",
		"UnitOfMeasure" : "UoM",
		"UnitNumber" : 632
	}, {
		"ObjectID" : "ObjectID_28",
		"Name" : "עובד 28",
		"Attribute1" : "Attribute BC",
		"Attribute2" : "Attribute BD",
		"UnitOfMeasure" : "UoM",
		"UnitNumber" : 285
	}, {
		"ObjectID" : "ObjectID_29",
		"Name" : "עובד 29",
		"Attribute1" : "Attribute BE",
		"Attribute2" : "Attribute BF",
		"UnitOfMeasure" : "UoM",
		"UnitNumber" : 256
	}, {
		"ObjectID" : "ObjectID_30",
		"Name" : "עובד 30",
		"Attribute1" : "Attribute BG",
		"Attribute2" : "Attribute BH",
		"UnitOfMeasure" : "UoM",
		"UnitNumber" : 1060
	}, {
		"ObjectID" : "ObjectID_31",
		"Name" : "עובד 31",
		"Attribute1" : "Attribute BI",
		"Attribute2" : "Attribute BJ",
		"UnitOfMeasure" : "UoM",
		"UnitNumber" : 610
	}, {
		"ObjectID" : "ObjectID_32",
		"Name" : "עובד 32",
		"Attribute1" : "Attribute BK",
		"Attribute2" : "Attribute BL",
		"UnitOfMeasure" : "UoM",
		"UnitNumber" : 306
	}, {
		"ObjectID" : "ObjectID_33",
		"Name" : "עובד 33",
		"Attribute1" : "Attribute BM",
		"Attribute2" : "Attribute BN",
		"UnitOfMeasure" : "UoM",
		"UnitNumber" : 226
	}, {
		"ObjectID" : "ObjectID_34",
		"Name" : "עובד 34",
		"Attribute1" : "Attribute BO",
		"Attribute2" : "Attribute BQ",
		"UnitOfMeasure" : "UoM",
		"UnitNumber" : 24
	}, {
		"ObjectID" : "ObjectID_35",
		"Name" : "עובד 35",
		"Attribute1" : "Attribute BR",
		"Attribute2" : "Attribute BS",
		"UnitOfMeasure" : "UoM",
		"UnitNumber" : 3.6
	}, {
		"ObjectID" : "ObjectID_36",
		"Name" : "עובד 36",
		"Attribute1" : "Attribute BT",
		"Attribute2" : "Attribute BU",
		"UnitOfMeasure" : "UoM",
		"UnitNumber" : -62
	}, {
		"ObjectID" : "ObjectID_37",
		"Name" : "עובד 37",
		"Attribute1" : "Attribute BV",
		"Attribute2" : "Attribute BW",
		"UnitOfMeasure" : "UoM",
		"UnitNumber" : 306
	}, {
		"ObjectID" : "ObjectID_38",
		"Name" : "עובד 38",
		"Attribute1" : "Attribute BX",
		"Attribute2" : "Attribute BY",
		"UnitOfMeasure" : "UoM",
		"UnitNumber" : 47
	}, {
		"ObjectID" : "ObjectID_39",
		"Name" : "עובד 39",
		"Attribute1" : "Attribute BZ",
		"Attribute2" : "Attribute CA",
		"UnitOfMeasure" : "UoM",
		"UnitNumber" : 5600
	}, {
		"ObjectID" : "ObjectID_40",
		"Name" : "עובד 40",
		"Attribute1" : "Attribute CB",
		"Attribute2" : "Attribute CC",
		"UnitOfMeasure" : "UoM",
		"UnitNumber" : 45677
	}
]