<core:FragmentDefinition
	xmlns="sap.m"
	xmlns:sap.ui.table="sap.ui.table"
	xmlns:core="sap.ui.core">
	
	<!--title="{oModelInstructions>/dialogTitle}"-->
	
	<Dialog
		contentWidth="20%"
		contentHeight="10%"
		
		title="מחיקת שורה"
		 >
		
		<content>
		
			<Text class="clalitMonthText" text="{oModelDialog>/dialogMessage}"/>
		
		</content>
		
		<beginButton>
			<Button
				text="אישור"
				press="onDeleteRowAfterConfirm">
			</Button>
		</beginButton>
		
		<endButton>
			<Button
				text="ביטול"
				press="onCloseDialogDeleteRow">
			</Button>
		</endButton>
		
	</Dialog>

</core:FragmentDefinition>