<core:FragmentDefinition
	xmlns="sap.m"
	xmlns:sap.ui.table="sap.ui.table"
	xmlns:core="sap.ui.core">
	
	<Dialog
		contentWidth="15%"
		contentHeight="52%"
		
		title="שמירת נתונים – בדיקה" >
		
		<content>
			
			<Text class="clalitMonthText" text="החודש מכיל שגיאות. השגיאות המסומנות באדום לא יישמרו ויש לתקנם. האם לשמור בכל זאת?"/>
		
			<sap.ui.table:Table
				class="clalitTable"
				visibleRowCount="10"
				columnHeaderHeight="0"
				selectionMode="None" 
				allowColumnReordering="false" 
				enableColumnReordering="false" 
				rows="{oModelCheckErrors>/lines}">
				
			        <sap.ui.table:columns>
			            <sap.ui.table:Column
			            		hAlign="Begin"
				            	resizable="false"
				            	>
							 <sap.ui.table:label>
		                    	<Label
		                    		design="Bold" 
		                    		text="תאריך">
	                    		</Label>
		                	</sap.ui.table:label>
			                	<sap.ui.table:template>
			                		<HBox>
				                		<Text visible="{oModelCheckErrors>isCriticalError}" class="myDialogTableTextCriticalError"
				                    		text="{oModelCheckErrors>dateReport}" >						                    	
			                    		</Text>
			                    		
			                    		<Text visible="{oModelCheckErrors>isLowError}" class="myDialogTableText"
				                    		text="{oModelCheckErrors>dateReport}" >						                    	
			                    		</Text>
			                		</HBox>
			                	</sap.ui.table:template>
			           	</sap.ui.table:Column>
			           	
			           	<sap.ui.table:Column
			            		hAlign="Begin"
				            	resizable="false"
				            	>
							 <sap.ui.table:label>
		                    	<Label
		                    		design="Bold" 
		                    		text="שגיאה">
	                    		</Label>
		                	</sap.ui.table:label>
			                	<sap.ui.table:template>
			                		<HBox> 
				                		<Text visible="{oModelCheckErrors>isCriticalError}" class="myDialogTableTextCriticalError"
				                    		text="{oModelCheckErrors>errorText}" >						                    	
			                    		</Text>
			                    		
			                			<Text visible="{oModelCheckErrors>isLowError}" class="myDialogTableText"
				                    		text="{oModelCheckErrors>errorText}" >						                    	
			                    		</Text>
			                		</HBox>
			                	</sap.ui.table:template>
			           	</sap.ui.table:Column>

			        
		        	</sap.ui.table:columns>
					
			</sap.ui.table:Table>		
		</content>
		
		<beginButton>
			<Button
				text="שמור"
				press="onSaveAnyway">
			</Button>

		</beginButton>
		<endButton>
			<Button
				text="ביטול"
				press="onCloseDialogErrorAfterSave">
			</Button>

		</endButton>
		
	</Dialog>

</core:FragmentDefinition>