<mvc:View controllerName="clalit.org.il.ZEssAttendance.controller.Main"
	xmlns:core="sap.ui.core"
	xmlns:mvc="sap.ui.core.mvc"
	xmlns:sap.ui.table="sap.ui.table"
	xmlns:custom="clalit.org.il.ZEssAttendance.controls"
	xmlns:html="http://www.w3.org/1999/xhtml"
	xmlns="sap.m">
	<App id="app">
		<pages>
			<Page 
			showHeader="false">
				<content>
					<VBox>
						<!-- Main Header -->
						<HBox>
							
							<!-- Main Header - Right -->
							<HBox>
								<!-- Timesheet Icon -->
								<Image id="clalitIconImg" densityAware="false" class="clalitIcon"/>
							</HBox>

	                       		 
						</HBox>

						
						
					</VBox>
				</content>
			</Page>
		</pages>
	</App>
</mvc:View>