<core:FragmentDefinition
	xmlns="sap.m"
	xmlns:sap.ui.table="sap.ui.table"
	xmlns:core="sap.ui.core">

	<Dialog
		contentWidth="40%"
		contentHeight="30%"
		draggable="true"
		title="{oModelDialog>/dialogTitle}">
		
		<content>
			<VBox>
				<HBox class="sapUiSmallMargin">
					<CheckBox valueState="{oModelDialog>/valueState}" select="onCheckApproveChanges"  text="אישור שינויים"/>
				</HBox>
				
				<HBox class="sapUiSmallMargin">
	
					 <sap.ui.table:Table 
						rows="{monimModelMngApproveDialog>/lines}"
						visibleRowCount="3" 
						selectionMode="None"
						width="500px">
			            <sap.ui.table:columns>
			            	<sap.ui.table:Column width="150px">
	                                  <Label text="מוסד"/>
	                                  <sap.ui.table:template><Text text="{monimModelMngApproveDialog>WerksText}"></Text></sap.ui.table:template>
	                        </sap.ui.table:Column>

	                        <sap.ui.table:Column>
	                                  <Label text="יחידה"/>
	                                  <sap.ui.table:template><Text text="{monimModelMngApproveDialog>OrgunitTxt}"></Text></sap.ui.table:template>
	                        </sap.ui.table:Column>


	                        <sap.ui.table:Column width="80px">
	                                  <Label text="ש.נוספות"/>
	                                  <sap.ui.table:template><Input value="{monimModelMngApproveDialog>OvertimeAppMng}" type="Number"></Input></sap.ui.table:template>
	                        </sap.ui.table:Column>
	                        <sap.ui.table:Column width="80px">
	                                  <Label text="אישור"/>
	                                  <sap.ui.table:template>
	                                  			<CheckBox 
												select="onCheckMngApproveOvertime"
												selected="{monimModelMngApproveDialog>checkMngApproveOvertime}"/>
						   			  </sap.ui.table:template>
	                        </sap.ui.table:Column>				                        
			            </sap.ui.table:columns>
				</sap.ui.table:Table>	

				</HBox>
			</VBox>
			

							
		
		</content>
		
		
		<buttons>
			<Button
				text="אישור"
				press="onConfirmApproveHoursReportingDialog"
				enabled="{oModelDialog>/approveBtnEnabled}">
			</Button>
			
			<Button
				text="ביטול"
				press="onCancelApproveDialog">
			</Button>
			

   		</buttons>
		
	</Dialog>

</core:FragmentDefinition>