<core:FragmentDefinition
	xmlns="sap.m"
	xmlns:sap.ui.table="sap.ui.table"
	xmlns:core="sap.ui.core">

	<Dialog
		contentWidth="30%"
		contentHeight="15%"
		
		title="{oModelDialog>/dialogTitle}">
		
		<content>
			<VBox>
				<Text class="sapUiSmallMargin" text="{oModelDialog>/dialogMessage}"/>
				
				<HBox >
					<Text class="clalitMonthText" text="סיבת דחייה:"> </Text>
					<TextArea value="{oModelDialog>/declineReason}" width="250px" maxLength='120'> </TextArea>
				</HBox>
			</VBox>
		</content>
		
		<buttons>
			<Button
				text="אישור"
				press="onConfirmDeclineHoursReportingDialog">
			</Button>
			
			<Button
				text="ביטול"
				press="onCancelDeclineDialog">
			</Button>
   		</buttons>
		
	</Dialog>

</core:FragmentDefinition>