<core:FragmentDefinition
	xmlns="sap.m"
	xmlns:sap.ui.table="sap.ui.table"
	xmlns:core="sap.ui.core">
	
	<!--title="{oModelInstructions>/dialogTitle}"-->
	
	<Dialog
		contentWidth="30%"
		contentHeight="10%"
		
		title="{oModelDialog>/dialogTitle}"
		 >
		
		<content>
			<Text class="clalitMonthText" text="{oModelDialog>/dialogMessage}"/>
		</content>
		
		<beginButton>
			<Button
				autoFocus="true"
				text="אישור"
				press="onConfirmChangeMonth">
			</Button>
		</beginButton>
		
		<endButton>	
			<Button
				text="ביטול"
				press="onCancelDialogConfirmChangeMonth">
			</Button>
		</endButton>
		
	</Dialog>

</core:FragmentDefinition>