<core:FragmentDefinition
	xmlns="sap.m"
	xmlns:core="sap.ui.core">
	<ResponsivePopover
			title="הערות מנהל"
			class="sapUiContentPadding"
			placement="Bottom"
			initialFocus="close"
			modal="true">

			<beginButton>
				<Button 
					text="עדכן"
					press="handleMngCommentUpdatePress"> 
				</Button>
			</beginButton>
			
			<endButton>
				<Button 			
					text="סגור"
					press="closeMngCommentUpdatePress">
				</Button>
			</endButton>

			<content>
				<Input value="{mngComment}" width="100%" maxLength='120' />
			</content>

	</ResponsivePopover>
</core:FragmentDefinition>