[{"__metadata":{"id":"http://sapgwdev.clalit.org.il:8021/sap/opu/odata/sap/ZHR_ADDITIONAL_WORK_PLAN_SRV/san_shiftSet(Date=datetime'2019-07-01T00%3A00%3A00',ShiftType01='',ShiftType02='',ShiftType03='',ShiftType04='',ShiftType05='',ShiftType06='',ShiftType07='',ShiftType08='',ShiftType09='',ShiftType10='',ShiftType11='',ShiftType12='',ShiftType13='',ShiftType14='',ShiftType15='',ShiftType16='',ShiftType17='',ShiftType18='',ShiftType19='',ShiftType20='')","uri":"http://sapgwdev.clalit.org.il:8021/sap/opu/odata/sap/ZHR_ADDITIONAL_WORK_PLAN_SRV/san_shiftSet(Date=datetime'2019-07-01T00%3A00%3A00',ShiftType01='',ShiftType02='',ShiftType03='',ShiftType04='',ShiftType05='',ShiftType06='',ShiftType07='',ShiftType08='',ShiftType09='',ShiftType10='',ShiftType11='',ShiftType12='',ShiftType13='',ShiftType14='',ShiftType15='',ShiftType16='',ShiftType17='',ShiftType18='',ShiftType19='',ShiftType20='')","type":"ZHR_ADDITIONAL_WORK_PLAN_SRV.san_shift"},"IPlvar":"01","IUname":"ALEXZL","IMonth":"201907","IOrgunit":"50000165","IMosad":"024","Date":"/Date(1561939200000)/","WeekdayL":"שני","DayType":"","ShiftType01":"","Shift01":"","ShiftType02":"","Shift02":"","ShiftType03":"","Shift03":"","ShiftType04":"","Shift04":"","ShiftType05":"","Shift05":"","ShiftType06":"","Shift06":"סה\"כ-1 16:00-16:00","ShiftType07":"","Shift07":"","ShiftType08":"","Shift08":"","ShiftType09":"","Shift09":"","ShiftType10":"","Shift10":"","ShiftType11":"","Shift11":"","ShiftType12":"","Shift12":"","ShiftType13":"","Shift13":"","ShiftType14":"","Shift14":"","ShiftType15":"","Shift15":"","ShiftType16":"","Shift16":"","ShiftType17":"","Shift17":"","ShiftType18":"","Shift18":"","ShiftType19":"","Shift19":"","ShiftType20":"","Shift20":"","San_cell01nav":{"results":[]},"San_cell02nav":{"results":[]}},{"__metadata":{"id":"http://sapgwdev.clalit.org.il:8021/sap/opu/odata/sap/ZHR_ADDITIONAL_WORK_PLAN_SRV/san_shiftSet(Date=datetime'2019-07-02T00%3A00%3A00',ShiftType01='',ShiftType02='',ShiftType03='',ShiftType04='',ShiftType05='',ShiftType06='',ShiftType07='',ShiftType08='',ShiftType09='',ShiftType10='',ShiftType11='',ShiftType12='',ShiftType13='',ShiftType14='',ShiftType15='',ShiftType16='',ShiftType17='',ShiftType18='',ShiftType19='',ShiftType20='')","uri":"http://sapgwdev.clalit.org.il:8021/sap/opu/odata/sap/ZHR_ADDITIONAL_WORK_PLAN_SRV/san_shiftSet(Date=datetime'2019-07-02T00%3A00%3A00',ShiftType01='',ShiftType02='',ShiftType03='',ShiftType04='',ShiftType05='',ShiftType06='',ShiftType07='',ShiftType08='',ShiftType09='',ShiftType10='',ShiftType11='',ShiftType12='',ShiftType13='',ShiftType14='',ShiftType15='',ShiftType16='',ShiftType17='',ShiftType18='',ShiftType19='',ShiftType20='')","type":"ZHR_ADDITIONAL_WORK_PLAN_SRV.san_shift"},"IPlvar":"01","IUname":"ALEXZL","IMonth":"201907","IOrgunit":"50000165","IMosad":"024","Date":"/Date(1562025600000)/","WeekdayL":"שלישי","DayType":"","ShiftType01":"","Shift01":"","ShiftType02":"","Shift02":"סה\"כ-1 16:00-10:00","ShiftType03":"","Shift03":"","ShiftType04":"","Shift04":"","ShiftType05":"","Shift05":"","ShiftType06":"","Shift06":"","ShiftType07":"","Shift07":"","ShiftType08":"","Shift08":"","ShiftType09":"","Shift09":"","ShiftType10":"","Shift10":"","ShiftType11":"","Shift11":"","ShiftType12":"","Shift12":"","ShiftType13":"","Shift13":"","ShiftType14":"","Shift14":"","ShiftType15":"","Shift15":"","ShiftType16":"","Shift16":"","ShiftType17":"","Shift17":"","ShiftType18":"","Shift18":"","ShiftType19":"","Shift19":"","ShiftType20":"","Shift20":"","San_cell01nav":{"results":[]},"San_cell02nav":{"results":[{"__metadata":{"id":"http://sapgwdev.clalit.org.il:8021/sap/opu/odata/sap/ZHR_ADDITIONAL_WORK_PLAN_SRV/San_shift_cell02Set(Date=datetime'2019-07-02T00%3A00%3A00',ShiftType='TC')","uri":"http://sapgwdev.clalit.org.il:8021/sap/opu/odata/sap/ZHR_ADDITIONAL_WORK_PLAN_SRV/San_shift_cell02Set(Date=datetime'2019-07-02T00%3A00%3A00',ShiftType='TC')","type":"ZHR_ADDITIONAL_WORK_PLAN_SRV.San_shift_cell02"},"Date":"/Date(1562025600000)/","ShiftType":"TC","HourRange":"1600-1000","TotalShiftEmpl":"001","Pernr":"01000671","PersonName":"נוכחות מנהלן","ShiftLongText":"ת.מח' ר.בי\"ח","ShiftShortText":"ת.מ"}]}},{"__metadata":{"id":"http://sapgwdev.clalit.org.il:8021/sap/opu/odata/sap/ZHR_ADDITIONAL_WORK_PLAN_SRV/san_shiftSet(Date=datetime'2019-07-03T00%3A00%3A00',ShiftType01='',ShiftType02='',ShiftType03='',ShiftType04='',ShiftType05='',ShiftType06='',ShiftType07='',ShiftType08='',ShiftType09='',ShiftType10='',ShiftType11='',ShiftType12='',ShiftType13='',ShiftType14='',ShiftType15='',ShiftType16='',ShiftType17='',ShiftType18='',ShiftType19='',ShiftType20='')","uri":"http://sapgwdev.clalit.org.il:8021/sap/opu/odata/sap/ZHR_ADDITIONAL_WORK_PLAN_SRV/san_shiftSet(Date=datetime'2019-07-03T00%3A00%3A00',ShiftType01='',ShiftType02='',ShiftType03='',ShiftType04='',ShiftType05='',ShiftType06='',ShiftType07='',ShiftType08='',ShiftType09='',ShiftType10='',ShiftType11='',ShiftType12='',ShiftType13='',ShiftType14='',ShiftType15='',ShiftType16='',ShiftType17='',ShiftType18='',ShiftType19='',ShiftType20='')","type":"ZHR_ADDITIONAL_WORK_PLAN_SRV.san_shift"},"IPlvar":"01","IUname":"ALEXZL","IMonth":"201907","IOrgunit":"50000165","IMosad":"024","Date":"/Date(1562112000000)/","WeekdayL":"רביעי","DayType":"","ShiftType01":"","Shift01":"","ShiftType02":"","Shift02":"סה\"כ-1 16:00-10:00","ShiftType03":"","Shift03":"","ShiftType04":"","Shift04":"","ShiftType05":"","Shift05":"","ShiftType06":"","Shift06":"","ShiftType07":"","Shift07":"","ShiftType08":"","Shift08":"","ShiftType09":"","Shift09":"","ShiftType10":"","Shift10":"","ShiftType11":"","Shift11":"","ShiftType12":"","Shift12":"","ShiftType13":"","Shift13":"","ShiftType14":"","Shift14":"","ShiftType15":"","Shift15":"","ShiftType16":"","Shift16":"","ShiftType17":"","Shift17":"","ShiftType18":"","Shift18":"","ShiftType19":"","Shift19":"","ShiftType20":"","Shift20":"","San_cell01nav":{"results":[]},"San_cell02nav":{"results":[{"__metadata":{"id":"http://sapgwdev.clalit.org.il:8021/sap/opu/odata/sap/ZHR_ADDITIONAL_WORK_PLAN_SRV/San_shift_cell02Set(Date=datetime'2019-07-03T00%3A00%3A00',ShiftType='TC')","uri":"http://sapgwdev.clalit.org.il:8021/sap/opu/odata/sap/ZHR_ADDITIONAL_WORK_PLAN_SRV/San_shift_cell02Set(Date=datetime'2019-07-03T00%3A00%3A00',ShiftType='TC')","type":"ZHR_ADDITIONAL_WORK_PLAN_SRV.San_shift_cell02"},"Date":"/Date(1562112000000)/","ShiftType":"TC","HourRange":"1600-1000","TotalShiftEmpl":"001","Pernr":"00000085","PersonName":"גרי אולדמן","ShiftLongText":"ת.מח' ר.בי\"ח","ShiftShortText":"ת.מ"}]}},{"__metadata":{"id":"http://sapgwdev.clalit.org.il:8021/sap/opu/odata/sap/ZHR_ADDITIONAL_WORK_PLAN_SRV/san_shiftSet(Date=datetime'2019-07-04T00%3A00%3A00',ShiftType01='',ShiftType02='',ShiftType03='',ShiftType04='',ShiftType05='',ShiftType06='',ShiftType07='',ShiftType08='',ShiftType09='',ShiftType10='',ShiftType11='',ShiftType12='',ShiftType13='',ShiftType14='',ShiftType15='',ShiftType16='',ShiftType17='',ShiftType18='',ShiftType19='',ShiftType20='')","uri":"http://sapgwdev.clalit.org.il:8021/sap/opu/odata/sap/ZHR_ADDITIONAL_WORK_PLAN_SRV/san_shiftSet(Date=datetime'2019-07-04T00%3A00%3A00',ShiftType01='',ShiftType02='',ShiftType03='',ShiftType04='',ShiftType05='',ShiftType06='',ShiftType07='',ShiftType08='',ShiftType09='',ShiftType10='',ShiftType11='',ShiftType12='',ShiftType13='',ShiftType14='',ShiftType15='',ShiftType16='',ShiftType17='',ShiftType18='',ShiftType19='',ShiftType20='')","type":"ZHR_ADDITIONAL_WORK_PLAN_SRV.san_shift"},"IPlvar":"01","IUname":"ALEXZL","IMonth":"201907","IOrgunit":"50000165","IMosad":"024","Date":"/Date(1562198400000)/","WeekdayL":"חמישי","DayType":"","ShiftType01":"","Shift01":"","ShiftType02":"","Shift02":"","ShiftType03":"","Shift03":"","ShiftType04":"","Shift04":"","ShiftType05":"","Shift05":"","ShiftType06":"","Shift06":"","ShiftType07":"","Shift07":"","ShiftType08":"","Shift08":"","ShiftType09":"","Shift09":"","ShiftType10":"","Shift10":"","ShiftType11":"","Shift11":"","ShiftType12":"","Shift12":"","ShiftType13":"","Shift13":"","ShiftType14":"","Shift14":"","ShiftType15":"","Shift15":"","ShiftType16":"","Shift16":"","ShiftType17":"","Shift17":"","ShiftType18":"","Shift18":"","ShiftType19":"","Shift19":"","ShiftType20":"","Shift20":"","San_cell01nav":{"results":[]},"San_cell02nav":{"results":[]}},{"__metadata":{"id":"http://sapgwdev.clalit.org.il:8021/sap/opu/odata/sap/ZHR_ADDITIONAL_WORK_PLAN_SRV/san_shiftSet(Date=datetime'2019-07-05T00%3A00%3A00',ShiftType01='',ShiftType02='',ShiftType03='',ShiftType04='',ShiftType05='',ShiftType06='',ShiftType07='',ShiftType08='',ShiftType09='',ShiftType10='',ShiftType11='',ShiftType12='',ShiftType13='',ShiftType14='',ShiftType15='',ShiftType16='',ShiftType17='',ShiftType18='',ShiftType19='',ShiftType20='')","uri":"http://sapgwdev.clalit.org.il:8021/sap/opu/odata/sap/ZHR_ADDITIONAL_WORK_PLAN_SRV/san_shiftSet(Date=datetime'2019-07-05T00%3A00%3A00',ShiftType01='',ShiftType02='',ShiftType03='',ShiftType04='',ShiftType05='',ShiftType06='',ShiftType07='',ShiftType08='',ShiftType09='',ShiftType10='',ShiftType11='',ShiftType12='',ShiftType13='',ShiftType14='',ShiftType15='',ShiftType16='',ShiftType17='',ShiftType18='',ShiftType19='',ShiftType20='')","type":"ZHR_ADDITIONAL_WORK_PLAN_SRV.san_shift"},"IPlvar":"01","IUname":"ALEXZL","IMonth":"201907","IOrgunit":"50000165","IMosad":"024","Date":"/Date(1562284800000)/","WeekdayL":"שישי","DayType":"","ShiftType01":"","Shift01":"","ShiftType02":"","Shift02":"","ShiftType03":"","Shift03":"","ShiftType04":"","Shift04":"","ShiftType05":"","Shift05":"","ShiftType06":"","Shift06":"","ShiftType07":"","Shift07":"","ShiftType08":"","Shift08":"","ShiftType09":"","Shift09":"","ShiftType10":"","Shift10":"","ShiftType11":"","Shift11":"","ShiftType12":"","Shift12":"","ShiftType13":"","Shift13":"","ShiftType14":"","Shift14":"","ShiftType15":"","Shift15":"","ShiftType16":"","Shift16":"","ShiftType17":"","Shift17":"","ShiftType18":"","Shift18":"","ShiftType19":"","Shift19":"","ShiftType20":"","Shift20":"","San_cell01nav":{"results":[]},"San_cell02nav":{"results":[]}},{"__metadata":{"id":"http://sapgwdev.clalit.org.il:8021/sap/opu/odata/sap/ZHR_ADDITIONAL_WORK_PLAN_SRV/san_shiftSet(Date=datetime'2019-07-06T00%3A00%3A00',ShiftType01='',ShiftType02='',ShiftType03='',ShiftType04='',ShiftType05='',ShiftType06='',ShiftType07='',ShiftType08='',ShiftType09='',ShiftType10='',ShiftType11='',ShiftType12='',ShiftType13='',ShiftType14='',ShiftType15='',ShiftType16='',ShiftType17='',ShiftType18='',ShiftType19='',ShiftType20='')","uri":"http://sapgwdev.clalit.org.il:8021/sap/opu/odata/sap/ZHR_ADDITIONAL_WORK_PLAN_SRV/san_shiftSet(Date=datetime'2019-07-06T00%3A00%3A00',ShiftType01='',ShiftType02='',ShiftType03='',ShiftType04='',ShiftType05='',ShiftType06='',ShiftType07='',ShiftType08='',ShiftType09='',ShiftType10='',ShiftType11='',ShiftType12='',ShiftType13='',ShiftType14='',ShiftType15='',ShiftType16='',ShiftType17='',ShiftType18='',ShiftType19='',ShiftType20='')","type":"ZHR_ADDITIONAL_WORK_PLAN_SRV.san_shift"},"IPlvar":"01","IUname":"ALEXZL","IMonth":"201907","IOrgunit":"50000165","IMosad":"024","Date":"/Date(1562371200000)/","WeekdayL":"שבת","DayType":"","ShiftType01":"","Shift01":"","ShiftType02":"","Shift02":"","ShiftType03":"","Shift03":"","ShiftType04":"","Shift04":"","ShiftType05":"","Shift05":"","ShiftType06":"","Shift06":"","ShiftType07":"","Shift07":"","ShiftType08":"","Shift08":"","ShiftType09":"","Shift09":"","ShiftType10":"","Shift10":"","ShiftType11":"","Shift11":"","ShiftType12":"","Shift12":"","ShiftType13":"","Shift13":"","ShiftType14":"","Shift14":"","ShiftType15":"","Shift15":"","ShiftType16":"","Shift16":"","ShiftType17":"","Shift17":"","ShiftType18":"","Shift18":"","ShiftType19":"","Shift19":"","ShiftType20":"","Shift20":"","San_cell01nav":{"results":[]},"San_cell02nav":{"results":[]}},{"__metadata":{"id":"http://sapgwdev.clalit.org.il:8021/sap/opu/odata/sap/ZHR_ADDITIONAL_WORK_PLAN_SRV/san_shiftSet(Date=datetime'2019-07-07T00%3A00%3A00',ShiftType01='',ShiftType02='',ShiftType03='',ShiftType04='',ShiftType05='',ShiftType06='',ShiftType07='',ShiftType08='',ShiftType09='',ShiftType10='',ShiftType11='',ShiftType12='',ShiftType13='',ShiftType14='',ShiftType15='',ShiftType16='',ShiftType17='',ShiftType18='',ShiftType19='',ShiftType20='')","uri":"http://sapgwdev.clalit.org.il:8021/sap/opu/odata/sap/ZHR_ADDITIONAL_WORK_PLAN_SRV/san_shiftSet(Date=datetime'2019-07-07T00%3A00%3A00',ShiftType01='',ShiftType02='',ShiftType03='',ShiftType04='',ShiftType05='',ShiftType06='',ShiftType07='',ShiftType08='',ShiftType09='',ShiftType10='',ShiftType11='',ShiftType12='',ShiftType13='',ShiftType14='',ShiftType15='',ShiftType16='',ShiftType17='',ShiftType18='',ShiftType19='',ShiftType20='')","type":"ZHR_ADDITIONAL_WORK_PLAN_SRV.san_shift"},"IPlvar":"01","IUname":"ALEXZL","IMonth":"201907","IOrgunit":"50000165","IMosad":"024","Date":"/Date(1562457600000)/","WeekdayL":"ראשון","DayType":"","ShiftType01":"","Shift01":"","ShiftType02":"","Shift02":"","ShiftType03":"","Shift03":"","ShiftType04":"","Shift04":"","ShiftType05":"","Shift05":"","ShiftType06":"","Shift06":"","ShiftType07":"","Shift07":"","ShiftType08":"","Shift08":"","ShiftType09":"","Shift09":"","ShiftType10":"","Shift10":"","ShiftType11":"","Shift11":"","ShiftType12":"","Shift12":"","ShiftType13":"","Shift13":"","ShiftType14":"","Shift14":"","ShiftType15":"","Shift15":"","ShiftType16":"","Shift16":"","ShiftType17":"","Shift17":"","ShiftType18":"","Shift18":"","ShiftType19":"","Shift19":"","ShiftType20":"","Shift20":"","San_cell01nav":{"results":[]},"San_cell02nav":{"results":[]}},{"__metadata":{"id":"http://sapgwdev.clalit.org.il:8021/sap/opu/odata/sap/ZHR_ADDITIONAL_WORK_PLAN_SRV/san_shiftSet(Date=datetime'2019-07-08T00%3A00%3A00',ShiftType01='',ShiftType02='',ShiftType03='',ShiftType04='',ShiftType05='',ShiftType06='',ShiftType07='',ShiftType08='',ShiftType09='',ShiftType10='',ShiftType11='',ShiftType12='',ShiftType13='',ShiftType14='',ShiftType15='',ShiftType16='',ShiftType17='',ShiftType18='',ShiftType19='',ShiftType20='')","uri":"http://sapgwdev.clalit.org.il:8021/sap/opu/odata/sap/ZHR_ADDITIONAL_WORK_PLAN_SRV/san_shiftSet(Date=datetime'2019-07-08T00%3A00%3A00',ShiftType01='',ShiftType02='',ShiftType03='',ShiftType04='',ShiftType05='',ShiftType06='',ShiftType07='',ShiftType08='',ShiftType09='',ShiftType10='',ShiftType11='',ShiftType12='',ShiftType13='',ShiftType14='',ShiftType15='',ShiftType16='',ShiftType17='',ShiftType18='',ShiftType19='',ShiftType20='')","type":"ZHR_ADDITIONAL_WORK_PLAN_SRV.san_shift"},"IPlvar":"01","IUname":"ALEXZL","IMonth":"201907","IOrgunit":"50000165","IMosad":"024","Date":"/Date(1562544000000)/","WeekdayL":"שני","DayType":"","ShiftType01":"","Shift01":"","ShiftType02":"","Shift02":"","ShiftType03":"","Shift03":"","ShiftType04":"","Shift04":"","ShiftType05":"","Shift05":"","ShiftType06":"","Shift06":"","ShiftType07":"","Shift07":"","ShiftType08":"","Shift08":"","ShiftType09":"","Shift09":"","ShiftType10":"","Shift10":"","ShiftType11":"","Shift11":"","ShiftType12":"","Shift12":"","ShiftType13":"","Shift13":"","ShiftType14":"","Shift14":"","ShiftType15":"","Shift15":"","ShiftType16":"","Shift16":"","ShiftType17":"","Shift17":"","ShiftType18":"","Shift18":"","ShiftType19":"","Shift19":"","ShiftType20":"","Shift20":"","San_cell01nav":{"results":[]},"San_cell02nav":{"results":[]}},{"__metadata":{"id":"http://sapgwdev.clalit.org.il:8021/sap/opu/odata/sap/ZHR_ADDITIONAL_WORK_PLAN_SRV/san_shiftSet(Date=datetime'2019-07-09T00%3A00%3A00',ShiftType01='',ShiftType02='',ShiftType03='',ShiftType04='',ShiftType05='',ShiftType06='',ShiftType07='',ShiftType08='',ShiftType09='',ShiftType10='',ShiftType11='',ShiftType12='',ShiftType13='',ShiftType14='',ShiftType15='',ShiftType16='',ShiftType17='',ShiftType18='',ShiftType19='',ShiftType20='')","uri":"http://sapgwdev.clalit.org.il:8021/sap/opu/odata/sap/ZHR_ADDITIONAL_WORK_PLAN_SRV/san_shiftSet(Date=datetime'2019-07-09T00%3A00%3A00',ShiftType01='',ShiftType02='',ShiftType03='',ShiftType04='',ShiftType05='',ShiftType06='',ShiftType07='',ShiftType08='',ShiftType09='',ShiftType10='',ShiftType11='',ShiftType12='',ShiftType13='',ShiftType14='',ShiftType15='',ShiftType16='',ShiftType17='',ShiftType18='',ShiftType19='',ShiftType20='')","type":"ZHR_ADDITIONAL_WORK_PLAN_SRV.san_shift"},"IPlvar":"01","IUname":"ALEXZL","IMonth":"201907","IOrgunit":"50000165","IMosad":"024","Date":"/Date(1562630400000)/","WeekdayL":"שלישי","DayType":"","ShiftType01":"","Shift01":"","ShiftType02":"","Shift02":"","ShiftType03":"","Shift03":"","ShiftType04":"","Shift04":"","ShiftType05":"","Shift05":"","ShiftType06":"","Shift06":"סה\"כ-1 16:00-16:00","ShiftType07":"","Shift07":"","ShiftType08":"","Shift08":"","ShiftType09":"","Shift09":"","ShiftType10":"","Shift10":"","ShiftType11":"","Shift11":"","ShiftType12":"","Shift12":"","ShiftType13":"","Shift13":"","ShiftType14":"","Shift14":"","ShiftType15":"","Shift15":"","ShiftType16":"","Shift16":"","ShiftType17":"","Shift17":"","ShiftType18":"","Shift18":"","ShiftType19":"","Shift19":"","ShiftType20":"","Shift20":"","San_cell01nav":{"results":[]},"San_cell02nav":{"results":[]}},{"__metadata":{"id":"http://sapgwdev.clalit.org.il:8021/sap/opu/odata/sap/ZHR_ADDITIONAL_WORK_PLAN_SRV/san_shiftSet(Date=datetime'2019-07-10T00%3A00%3A00',ShiftType01='',ShiftType02='',ShiftType03='',ShiftType04='',ShiftType05='',ShiftType06='',ShiftType07='',ShiftType08='',ShiftType09='',ShiftType10='',ShiftType11='',ShiftType12='',ShiftType13='',ShiftType14='',ShiftType15='',ShiftType16='',ShiftType17='',ShiftType18='',ShiftType19='',ShiftType20='')","uri":"http://sapgwdev.clalit.org.il:8021/sap/opu/odata/sap/ZHR_ADDITIONAL_WORK_PLAN_SRV/san_shiftSet(Date=datetime'2019-07-10T00%3A00%3A00',ShiftType01='',ShiftType02='',ShiftType03='',ShiftType04='',ShiftType05='',ShiftType06='',ShiftType07='',ShiftType08='',ShiftType09='',ShiftType10='',ShiftType11='',ShiftType12='',ShiftType13='',ShiftType14='',ShiftType15='',ShiftType16='',ShiftType17='',ShiftType18='',ShiftType19='',ShiftType20='')","type":"ZHR_ADDITIONAL_WORK_PLAN_SRV.san_shift"},"IPlvar":"01","IUname":"ALEXZL","IMonth":"201907","IOrgunit":"50000165","IMosad":"024","Date":"/Date(1562716800000)/","WeekdayL":"רביעי","DayType":"","ShiftType01":"","Shift01":"","ShiftType02":"","Shift02":"סה\"כ-1 16:00-10:00","ShiftType03":"","Shift03":"","ShiftType04":"","Shift04":"","ShiftType05":"","Shift05":"","ShiftType06":"","Shift06":"","ShiftType07":"","Shift07":"","ShiftType08":"","Shift08":"","ShiftType09":"","Shift09":"","ShiftType10":"","Shift10":"","ShiftType11":"","Shift11":"","ShiftType12":"","Shift12":"","ShiftType13":"","Shift13":"","ShiftType14":"","Shift14":"","ShiftType15":"","Shift15":"","ShiftType16":"","Shift16":"","ShiftType17":"","Shift17":"","ShiftType18":"","Shift18":"","ShiftType19":"","Shift19":"","ShiftType20":"","Shift20":"","San_cell01nav":{"results":[]},"San_cell02nav":{"results":[{"__metadata":{"id":"http://sapgwdev.clalit.org.il:8021/sap/opu/odata/sap/ZHR_ADDITIONAL_WORK_PLAN_SRV/San_shift_cell02Set(Date=datetime'2019-07-10T00%3A00%3A00',ShiftType='TC')","uri":"http://sapgwdev.clalit.org.il:8021/sap/opu/odata/sap/ZHR_ADDITIONAL_WORK_PLAN_SRV/San_shift_cell02Set(Date=datetime'2019-07-10T00%3A00%3A00',ShiftType='TC')","type":"ZHR_ADDITIONAL_WORK_PLAN_SRV.San_shift_cell02"},"Date":"/Date(1562716800000)/","ShiftType":"TC","HourRange":"1600-1000","TotalShiftEmpl":"001","Pernr":"01000671","PersonName":"נוכחות מנהלן","ShiftLongText":"ת.מח' ר.בי\"ח","ShiftShortText":"ת.מ"}]}},{"__metadata":{"id":"http://sapgwdev.clalit.org.il:8021/sap/opu/odata/sap/ZHR_ADDITIONAL_WORK_PLAN_SRV/san_shiftSet(Date=datetime'2019-07-11T00%3A00%3A00',ShiftType01='',ShiftType02='',ShiftType03='',ShiftType04='',ShiftType05='',ShiftType06='',ShiftType07='',ShiftType08='',ShiftType09='',ShiftType10='',ShiftType11='',ShiftType12='',ShiftType13='',ShiftType14='',ShiftType15='',ShiftType16='',ShiftType17='',ShiftType18='',ShiftType19='',ShiftType20='')","uri":"http://sapgwdev.clalit.org.il:8021/sap/opu/odata/sap/ZHR_ADDITIONAL_WORK_PLAN_SRV/san_shiftSet(Date=datetime'2019-07-11T00%3A00%3A00',ShiftType01='',ShiftType02='',ShiftType03='',ShiftType04='',ShiftType05='',ShiftType06='',ShiftType07='',ShiftType08='',ShiftType09='',ShiftType10='',ShiftType11='',ShiftType12='',ShiftType13='',ShiftType14='',ShiftType15='',ShiftType16='',ShiftType17='',ShiftType18='',ShiftType19='',ShiftType20='')","type":"ZHR_ADDITIONAL_WORK_PLAN_SRV.san_shift"},"IPlvar":"01","IUname":"ALEXZL","IMonth":"201907","IOrgunit":"50000165","IMosad":"024","Date":"/Date(1562803200000)/","WeekdayL":"חמישי","DayType":"","ShiftType01":"","Shift01":"","ShiftType02":"","Shift02":"","ShiftType03":"","Shift03":"","ShiftType04":"","Shift04":"","ShiftType05":"","Shift05":"סה\"כ-1 16:00-16:00","ShiftType06":"","Shift06":"","ShiftType07":"","Shift07":"","ShiftType08":"","Shift08":"","ShiftType09":"","Shift09":"","ShiftType10":"","Shift10":"","ShiftType11":"","Shift11":"","ShiftType12":"","Shift12":"","ShiftType13":"","Shift13":"","ShiftType14":"","Shift14":"","ShiftType15":"","Shift15":"","ShiftType16":"","Shift16":"","ShiftType17":"","Shift17":"","ShiftType18":"","Shift18":"","ShiftType19":"","Shift19":"","ShiftType20":"","Shift20":"","San_cell01nav":{"results":[]},"San_cell02nav":{"results":[]}},{"__metadata":{"id":"http://sapgwdev.clalit.org.il:8021/sap/opu/odata/sap/ZHR_ADDITIONAL_WORK_PLAN_SRV/san_shiftSet(Date=datetime'2019-07-12T00%3A00%3A00',ShiftType01='',ShiftType02='',ShiftType03='',ShiftType04='',ShiftType05='',ShiftType06='',ShiftType07='',ShiftType08='',ShiftType09='',ShiftType10='',ShiftType11='',ShiftType12='',ShiftType13='',ShiftType14='',ShiftType15='',ShiftType16='',ShiftType17='',ShiftType18='',ShiftType19='',ShiftType20='')","uri":"http://sapgwdev.clalit.org.il:8021/sap/opu/odata/sap/ZHR_ADDITIONAL_WORK_PLAN_SRV/san_shiftSet(Date=datetime'2019-07-12T00%3A00%3A00',ShiftType01='',ShiftType02='',ShiftType03='',ShiftType04='',ShiftType05='',ShiftType06='',ShiftType07='',ShiftType08='',ShiftType09='',ShiftType10='',ShiftType11='',ShiftType12='',ShiftType13='',ShiftType14='',ShiftType15='',ShiftType16='',ShiftType17='',ShiftType18='',ShiftType19='',ShiftType20='')","type":"ZHR_ADDITIONAL_WORK_PLAN_SRV.san_shift"},"IPlvar":"01","IUname":"ALEXZL","IMonth":"201907","IOrgunit":"50000165","IMosad":"024","Date":"/Date(1562889600000)/","WeekdayL":"שישי","DayType":"","ShiftType01":"","Shift01":"","ShiftType02":"","Shift02":"","ShiftType03":"","Shift03":"","ShiftType04":"","Shift04":"","ShiftType05":"","Shift05":"","ShiftType06":"","Shift06":"","ShiftType07":"","Shift07":"","ShiftType08":"","Shift08":"","ShiftType09":"","Shift09":"","ShiftType10":"","Shift10":"","ShiftType11":"","Shift11":"","ShiftType12":"","Shift12":"","ShiftType13":"","Shift13":"","ShiftType14":"","Shift14":"","ShiftType15":"","Shift15":"","ShiftType16":"","Shift16":"","ShiftType17":"","Shift17":"","ShiftType18":"","Shift18":"","ShiftType19":"","Shift19":"","ShiftType20":"","Shift20":"","San_cell01nav":{"results":[]},"San_cell02nav":{"results":[]}},{"__metadata":{"id":"http://sapgwdev.clalit.org.il:8021/sap/opu/odata/sap/ZHR_ADDITIONAL_WORK_PLAN_SRV/san_shiftSet(Date=datetime'2019-07-13T00%3A00%3A00',ShiftType01='',ShiftType02='',ShiftType03='',ShiftType04='',ShiftType05='',ShiftType06='',ShiftType07='',ShiftType08='',ShiftType09='',ShiftType10='',ShiftType11='',ShiftType12='',ShiftType13='',ShiftType14='',ShiftType15='',ShiftType16='',ShiftType17='',ShiftType18='',ShiftType19='',ShiftType20='')","uri":"http://sapgwdev.clalit.org.il:8021/sap/opu/odata/sap/ZHR_ADDITIONAL_WORK_PLAN_SRV/san_shiftSet(Date=datetime'2019-07-13T00%3A00%3A00',ShiftType01='',ShiftType02='',ShiftType03='',ShiftType04='',ShiftType05='',ShiftType06='',ShiftType07='',ShiftType08='',ShiftType09='',ShiftType10='',ShiftType11='',ShiftType12='',ShiftType13='',ShiftType14='',ShiftType15='',ShiftType16='',ShiftType17='',ShiftType18='',ShiftType19='',ShiftType20='')","type":"ZHR_ADDITIONAL_WORK_PLAN_SRV.san_shift"},"IPlvar":"01","IUname":"ALEXZL","IMonth":"201907","IOrgunit":"50000165","IMosad":"024","Date":"/Date(1562976000000)/","WeekdayL":"שבת","DayType":"","ShiftType01":"","Shift01":"","ShiftType02":"","Shift02":"","ShiftType03":"","Shift03":"","ShiftType04":"","Shift04":"","ShiftType05":"","Shift05":"","ShiftType06":"","Shift06":"","ShiftType07":"","Shift07":"","ShiftType08":"","Shift08":"","ShiftType09":"","Shift09":"","ShiftType10":"","Shift10":"","ShiftType11":"","Shift11":"","ShiftType12":"","Shift12":"","ShiftType13":"","Shift13":"","ShiftType14":"","Shift14":"","ShiftType15":"","Shift15":"","ShiftType16":"","Shift16":"","ShiftType17":"","Shift17":"","ShiftType18":"","Shift18":"","ShiftType19":"","Shift19":"","ShiftType20":"","Shift20":"","San_cell01nav":{"results":[]},"San_cell02nav":{"results":[]}},{"__metadata":{"id":"http://sapgwdev.clalit.org.il:8021/sap/opu/odata/sap/ZHR_ADDITIONAL_WORK_PLAN_SRV/san_shiftSet(Date=datetime'2019-07-14T00%3A00%3A00',ShiftType01='',ShiftType02='',ShiftType03='',ShiftType04='',ShiftType05='',ShiftType06='',ShiftType07='',ShiftType08='',ShiftType09='',ShiftType10='',ShiftType11='',ShiftType12='',ShiftType13='',ShiftType14='',ShiftType15='',ShiftType16='',ShiftType17='',ShiftType18='',ShiftType19='',ShiftType20='')","uri":"http://sapgwdev.clalit.org.il:8021/sap/opu/odata/sap/ZHR_ADDITIONAL_WORK_PLAN_SRV/san_shiftSet(Date=datetime'2019-07-14T00%3A00%3A00',ShiftType01='',ShiftType02='',ShiftType03='',ShiftType04='',ShiftType05='',ShiftType06='',ShiftType07='',ShiftType08='',ShiftType09='',ShiftType10='',ShiftType11='',ShiftType12='',ShiftType13='',ShiftType14='',ShiftType15='',ShiftType16='',ShiftType17='',ShiftType18='',ShiftType19='',ShiftType20='')","type":"ZHR_ADDITIONAL_WORK_PLAN_SRV.san_shift"},"IPlvar":"01","IUname":"ALEXZL","IMonth":"201907","IOrgunit":"50000165","IMosad":"024","Date":"/Date(1563062400000)/","WeekdayL":"ראשון","DayType":"","ShiftType01":"","Shift01":"","ShiftType02":"","Shift02":"","ShiftType03":"","Shift03":"","ShiftType04":"","Shift04":"","ShiftType05":"","Shift05":"","ShiftType06":"","Shift06":"","ShiftType07":"","Shift07":"","ShiftType08":"","Shift08":"","ShiftType09":"","Shift09":"","ShiftType10":"","Shift10":"","ShiftType11":"","Shift11":"","ShiftType12":"","Shift12":"","ShiftType13":"","Shift13":"","ShiftType14":"","Shift14":"","ShiftType15":"","Shift15":"","ShiftType16":"","Shift16":"","ShiftType17":"","Shift17":"","ShiftType18":"","Shift18":"","ShiftType19":"","Shift19":"","ShiftType20":"","Shift20":"","San_cell01nav":{"results":[]},"San_cell02nav":{"results":[]}},{"__metadata":{"id":"http://sapgwdev.clalit.org.il:8021/sap/opu/odata/sap/ZHR_ADDITIONAL_WORK_PLAN_SRV/san_shiftSet(Date=datetime'2019-07-15T00%3A00%3A00',ShiftType01='',ShiftType02='',ShiftType03='',ShiftType04='',ShiftType05='',ShiftType06='',ShiftType07='',ShiftType08='',ShiftType09='',ShiftType10='',ShiftType11='',ShiftType12='',ShiftType13='',ShiftType14='',ShiftType15='',ShiftType16='',ShiftType17='',ShiftType18='',ShiftType19='',ShiftType20='')","uri":"http://sapgwdev.clalit.org.il:8021/sap/opu/odata/sap/ZHR_ADDITIONAL_WORK_PLAN_SRV/san_shiftSet(Date=datetime'2019-07-15T00%3A00%3A00',ShiftType01='',ShiftType02='',ShiftType03='',ShiftType04='',ShiftType05='',ShiftType06='',ShiftType07='',ShiftType08='',ShiftType09='',ShiftType10='',ShiftType11='',ShiftType12='',ShiftType13='',ShiftType14='',ShiftType15='',ShiftType16='',ShiftType17='',ShiftType18='',ShiftType19='',ShiftType20='')","type":"ZHR_ADDITIONAL_WORK_PLAN_SRV.san_shift"},"IPlvar":"01","IUname":"ALEXZL","IMonth":"201907","IOrgunit":"50000165","IMosad":"024","Date":"/Date(1563148800000)/","WeekdayL":"שני","DayType":"","ShiftType01":"","Shift01":"","ShiftType02":"","Shift02":"","ShiftType03":"","Shift03":"","ShiftType04":"","Shift04":"","ShiftType05":"","Shift05":"סה\"כ-1 16:00-16:00","ShiftType06":"","Shift06":"","ShiftType07":"","Shift07":"","ShiftType08":"","Shift08":"סה\"כ-1 16:00-00:00","ShiftType09":"","Shift09":"","ShiftType10":"","Shift10":"","ShiftType11":"","Shift11":"","ShiftType12":"","Shift12":"","ShiftType13":"","Shift13":"","ShiftType14":"","Shift14":"","ShiftType15":"","Shift15":"","ShiftType16":"","Shift16":"","ShiftType17":"","Shift17":"","ShiftType18":"","Shift18":"","ShiftType19":"","Shift19":"","ShiftType20":"","Shift20":"","San_cell01nav":{"results":[]},"San_cell02nav":{"results":[]}},{"__metadata":{"id":"http://sapgwdev.clalit.org.il:8021/sap/opu/odata/sap/ZHR_ADDITIONAL_WORK_PLAN_SRV/san_shiftSet(Date=datetime'2019-07-16T00%3A00%3A00',ShiftType01='',ShiftType02='',ShiftType03='',ShiftType04='',ShiftType05='',ShiftType06='',ShiftType07='',ShiftType08='',ShiftType09='',ShiftType10='',ShiftType11='',ShiftType12='',ShiftType13='',ShiftType14='',ShiftType15='',ShiftType16='',ShiftType17='',ShiftType18='',ShiftType19='',ShiftType20='')","uri":"http://sapgwdev.clalit.org.il:8021/sap/opu/odata/sap/ZHR_ADDITIONAL_WORK_PLAN_SRV/san_shiftSet(Date=datetime'2019-07-16T00%3A00%3A00',ShiftType01='',ShiftType02='',ShiftType03='',ShiftType04='',ShiftType05='',ShiftType06='',ShiftType07='',ShiftType08='',ShiftType09='',ShiftType10='',ShiftType11='',ShiftType12='',ShiftType13='',ShiftType14='',ShiftType15='',ShiftType16='',ShiftType17='',ShiftType18='',ShiftType19='',ShiftType20='')","type":"ZHR_ADDITIONAL_WORK_PLAN_SRV.san_shift"},"IPlvar":"01","IUname":"ALEXZL","IMonth":"201907","IOrgunit":"50000165","IMosad":"024","Date":"/Date(1563235200000)/","WeekdayL":"שלישי","DayType":"","ShiftType01":"","Shift01":"","ShiftType02":"","Shift02":"","ShiftType03":"","Shift03":"","ShiftType04":"","Shift04":"","ShiftType05":"","Shift05":"","ShiftType06":"","Shift06":"","ShiftType07":"","Shift07":"","ShiftType08":"","Shift08":"","ShiftType09":"","Shift09":"","ShiftType10":"","Shift10":"","ShiftType11":"","Shift11":"","ShiftType12":"","Shift12":"","ShiftType13":"","Shift13":"","ShiftType14":"","Shift14":"","ShiftType15":"","Shift15":"","ShiftType16":"","Shift16":"","ShiftType17":"","Shift17":"","ShiftType18":"","Shift18":"","ShiftType19":"","Shift19":"","ShiftType20":"","Shift20":"","San_cell01nav":{"results":[]},"San_cell02nav":{"results":[]}},{"__metadata":{"id":"http://sapgwdev.clalit.org.il:8021/sap/opu/odata/sap/ZHR_ADDITIONAL_WORK_PLAN_SRV/san_shiftSet(Date=datetime'2019-07-17T00%3A00%3A00',ShiftType01='',ShiftType02='',ShiftType03='',ShiftType04='',ShiftType05='',ShiftType06='',ShiftType07='',ShiftType08='',ShiftType09='',ShiftType10='',ShiftType11='',ShiftType12='',ShiftType13='',ShiftType14='',ShiftType15='',ShiftType16='',ShiftType17='',ShiftType18='',ShiftType19='',ShiftType20='')","uri":"http://sapgwdev.clalit.org.il:8021/sap/opu/odata/sap/ZHR_ADDITIONAL_WORK_PLAN_SRV/san_shiftSet(Date=datetime'2019-07-17T00%3A00%3A00',ShiftType01='',ShiftType02='',ShiftType03='',ShiftType04='',ShiftType05='',ShiftType06='',ShiftType07='',ShiftType08='',ShiftType09='',ShiftType10='',ShiftType11='',ShiftType12='',ShiftType13='',ShiftType14='',ShiftType15='',ShiftType16='',ShiftType17='',ShiftType18='',ShiftType19='',ShiftType20='')","type":"ZHR_ADDITIONAL_WORK_PLAN_SRV.san_shift"},"IPlvar":"01","IUname":"ALEXZL","IMonth":"201907","IOrgunit":"50000165","IMosad":"024","Date":"/Date(1563321600000)/","WeekdayL":"רביעי","DayType":"","ShiftType01":"","Shift01":"","ShiftType02":"","Shift02":"","ShiftType03":"","Shift03":"","ShiftType04":"","Shift04":"","ShiftType05":"","Shift05":"","ShiftType06":"","Shift06":"","ShiftType07":"","Shift07":"","ShiftType08":"","Shift08":"","ShiftType09":"","Shift09":"","ShiftType10":"","Shift10":"","ShiftType11":"","Shift11":"","ShiftType12":"","Shift12":"","ShiftType13":"","Shift13":"","ShiftType14":"","Shift14":"","ShiftType15":"","Shift15":"","ShiftType16":"","Shift16":"","ShiftType17":"","Shift17":"","ShiftType18":"","Shift18":"","ShiftType19":"","Shift19":"","ShiftType20":"","Shift20":"","San_cell01nav":{"results":[]},"San_cell02nav":{"results":[]}},{"__metadata":{"id":"http://sapgwdev.clalit.org.il:8021/sap/opu/odata/sap/ZHR_ADDITIONAL_WORK_PLAN_SRV/san_shiftSet(Date=datetime'2019-07-18T00%3A00%3A00',ShiftType01='',ShiftType02='',ShiftType03='',ShiftType04='',ShiftType05='',ShiftType06='',ShiftType07='',ShiftType08='',ShiftType09='',ShiftType10='',ShiftType11='',ShiftType12='',ShiftType13='',ShiftType14='',ShiftType15='',ShiftType16='',ShiftType17='',ShiftType18='',ShiftType19='',ShiftType20='')","uri":"http://sapgwdev.clalit.org.il:8021/sap/opu/odata/sap/ZHR_ADDITIONAL_WORK_PLAN_SRV/san_shiftSet(Date=datetime'2019-07-18T00%3A00%3A00',ShiftType01='',ShiftType02='',ShiftType03='',ShiftType04='',ShiftType05='',ShiftType06='',ShiftType07='',ShiftType08='',ShiftType09='',ShiftType10='',ShiftType11='',ShiftType12='',ShiftType13='',ShiftType14='',ShiftType15='',ShiftType16='',ShiftType17='',ShiftType18='',ShiftType19='',ShiftType20='')","type":"ZHR_ADDITIONAL_WORK_PLAN_SRV.san_shift"},"IPlvar":"01","IUname":"ALEXZL","IMonth":"201907","IOrgunit":"50000165","IMosad":"024","Date":"/Date(1563408000000)/","WeekdayL":"חמישי","DayType":"","ShiftType01":"","Shift01":"","ShiftType02":"","Shift02":"","ShiftType03":"","Shift03":"","ShiftType04":"","Shift04":"","ShiftType05":"","Shift05":"","ShiftType06":"","Shift06":"","ShiftType07":"","Shift07":"","ShiftType08":"","Shift08":"","ShiftType09":"","Shift09":"","ShiftType10":"","Shift10":"","ShiftType11":"","Shift11":"","ShiftType12":"","Shift12":"","ShiftType13":"","Shift13":"","ShiftType14":"","Shift14":"","ShiftType15":"","Shift15":"","ShiftType16":"","Shift16":"","ShiftType17":"","Shift17":"","ShiftType18":"","Shift18":"","ShiftType19":"","Shift19":"","ShiftType20":"","Shift20":"","San_cell01nav":{"results":[]},"San_cell02nav":{"results":[]}},{"__metadata":{"id":"http://sapgwdev.clalit.org.il:8021/sap/opu/odata/sap/ZHR_ADDITIONAL_WORK_PLAN_SRV/san_shiftSet(Date=datetime'2019-07-19T00%3A00%3A00',ShiftType01='',ShiftType02='',ShiftType03='',ShiftType04='',ShiftType05='',ShiftType06='',ShiftType07='',ShiftType08='',ShiftType09='',ShiftType10='',ShiftType11='',ShiftType12='',ShiftType13='',ShiftType14='',ShiftType15='',ShiftType16='',ShiftType17='',ShiftType18='',ShiftType19='',ShiftType20='')","uri":"http://sapgwdev.clalit.org.il:8021/sap/opu/odata/sap/ZHR_ADDITIONAL_WORK_PLAN_SRV/san_shiftSet(Date=datetime'2019-07-19T00%3A00%3A00',ShiftType01='',ShiftType02='',ShiftType03='',ShiftType04='',ShiftType05='',ShiftType06='',ShiftType07='',ShiftType08='',ShiftType09='',ShiftType10='',ShiftType11='',ShiftType12='',ShiftType13='',ShiftType14='',ShiftType15='',ShiftType16='',ShiftType17='',ShiftType18='',ShiftType19='',ShiftType20='')","type":"ZHR_ADDITIONAL_WORK_PLAN_SRV.san_shift"},"IPlvar":"01","IUname":"ALEXZL","IMonth":"201907","IOrgunit":"50000165","IMosad":"024","Date":"/Date(1563494400000)/","WeekdayL":"שישי","DayType":"","ShiftType01":"","Shift01":"","ShiftType02":"","Shift02":"","ShiftType03":"","Shift03":"","ShiftType04":"","Shift04":"","ShiftType05":"","Shift05":"","ShiftType06":"","Shift06":"","ShiftType07":"","Shift07":"","ShiftType08":"","Shift08":"","ShiftType09":"","Shift09":"","ShiftType10":"","Shift10":"","ShiftType11":"","Shift11":"","ShiftType12":"","Shift12":"","ShiftType13":"","Shift13":"","ShiftType14":"","Shift14":"","ShiftType15":"","Shift15":"","ShiftType16":"","Shift16":"","ShiftType17":"","Shift17":"","ShiftType18":"","Shift18":"","ShiftType19":"","Shift19":"","ShiftType20":"","Shift20":"","San_cell01nav":{"results":[]},"San_cell02nav":{"results":[]}},{"__metadata":{"id":"http://sapgwdev.clalit.org.il:8021/sap/opu/odata/sap/ZHR_ADDITIONAL_WORK_PLAN_SRV/san_shiftSet(Date=datetime'2019-07-20T00%3A00%3A00',ShiftType01='',ShiftType02='',ShiftType03='',ShiftType04='',ShiftType05='',ShiftType06='',ShiftType07='',ShiftType08='',ShiftType09='',ShiftType10='',ShiftType11='',ShiftType12='',ShiftType13='',ShiftType14='',ShiftType15='',ShiftType16='',ShiftType17='',ShiftType18='',ShiftType19='',ShiftType20='')","uri":"http://sapgwdev.clalit.org.il:8021/sap/opu/odata/sap/ZHR_ADDITIONAL_WORK_PLAN_SRV/san_shiftSet(Date=datetime'2019-07-20T00%3A00%3A00',ShiftType01='',ShiftType02='',ShiftType03='',ShiftType04='',ShiftType05='',ShiftType06='',ShiftType07='',ShiftType08='',ShiftType09='',ShiftType10='',ShiftType11='',ShiftType12='',ShiftType13='',ShiftType14='',ShiftType15='',ShiftType16='',ShiftType17='',ShiftType18='',ShiftType19='',ShiftType20='')","type":"ZHR_ADDITIONAL_WORK_PLAN_SRV.san_shift"},"IPlvar":"01","IUname":"ALEXZL","IMonth":"201907","IOrgunit":"50000165","IMosad":"024","Date":"/Date(1563580800000)/","WeekdayL":"שבת","DayType":"","ShiftType01":"","Shift01":"","ShiftType02":"","Shift02":"","ShiftType03":"","Shift03":"","ShiftType04":"","Shift04":"","ShiftType05":"","Shift05":"","ShiftType06":"","Shift06":"","ShiftType07":"","Shift07":"","ShiftType08":"","Shift08":"","ShiftType09":"","Shift09":"","ShiftType10":"","Shift10":"","ShiftType11":"","Shift11":"","ShiftType12":"","Shift12":"","ShiftType13":"","Shift13":"","ShiftType14":"","Shift14":"","ShiftType15":"","Shift15":"","ShiftType16":"","Shift16":"","ShiftType17":"","Shift17":"","ShiftType18":"","Shift18":"","ShiftType19":"","Shift19":"","ShiftType20":"","Shift20":"","San_cell01nav":{"results":[]},"San_cell02nav":{"results":[]}},{"__metadata":{"id":"http://sapgwdev.clalit.org.il:8021/sap/opu/odata/sap/ZHR_ADDITIONAL_WORK_PLAN_SRV/san_shiftSet(Date=datetime'2019-07-21T00%3A00%3A00',ShiftType01='',ShiftType02='',ShiftType03='',ShiftType04='',ShiftType05='',ShiftType06='',ShiftType07='',ShiftType08='',ShiftType09='',ShiftType10='',ShiftType11='',ShiftType12='',ShiftType13='',ShiftType14='',ShiftType15='',ShiftType16='',ShiftType17='',ShiftType18='',ShiftType19='',ShiftType20='')","uri":"http://sapgwdev.clalit.org.il:8021/sap/opu/odata/sap/ZHR_ADDITIONAL_WORK_PLAN_SRV/san_shiftSet(Date=datetime'2019-07-21T00%3A00%3A00',ShiftType01='',ShiftType02='',ShiftType03='',ShiftType04='',ShiftType05='',ShiftType06='',ShiftType07='',ShiftType08='',ShiftType09='',ShiftType10='',ShiftType11='',ShiftType12='',ShiftType13='',ShiftType14='',ShiftType15='',ShiftType16='',ShiftType17='',ShiftType18='',ShiftType19='',ShiftType20='')","type":"ZHR_ADDITIONAL_WORK_PLAN_SRV.san_shift"},"IPlvar":"01","IUname":"ALEXZL","IMonth":"201907","IOrgunit":"50000165","IMosad":"024","Date":"/Date(1563667200000)/","WeekdayL":"ראשון","DayType":"","ShiftType01":"","Shift01":"","ShiftType02":"","Shift02":"","ShiftType03":"","Shift03":"","ShiftType04":"","Shift04":"","ShiftType05":"","Shift05":"סה\"כ-1 16:00-16:00","ShiftType06":"","Shift06":"","ShiftType07":"","Shift07":"","ShiftType08":"","Shift08":"","ShiftType09":"","Shift09":"","ShiftType10":"","Shift10":"","ShiftType11":"","Shift11":"","ShiftType12":"","Shift12":"","ShiftType13":"","Shift13":"","ShiftType14":"","Shift14":"","ShiftType15":"","Shift15":"","ShiftType16":"","Shift16":"","ShiftType17":"","Shift17":"","ShiftType18":"","Shift18":"","ShiftType19":"","Shift19":"","ShiftType20":"","Shift20":"","San_cell01nav":{"results":[]},"San_cell02nav":{"results":[]}},{"__metadata":{"id":"http://sapgwdev.clalit.org.il:8021/sap/opu/odata/sap/ZHR_ADDITIONAL_WORK_PLAN_SRV/san_shiftSet(Date=datetime'2019-07-22T00%3A00%3A00',ShiftType01='',ShiftType02='',ShiftType03='',ShiftType04='',ShiftType05='',ShiftType06='',ShiftType07='',ShiftType08='',ShiftType09='',ShiftType10='',ShiftType11='',ShiftType12='',ShiftType13='',ShiftType14='',ShiftType15='',ShiftType16='',ShiftType17='',ShiftType18='',ShiftType19='',ShiftType20='')","uri":"http://sapgwdev.clalit.org.il:8021/sap/opu/odata/sap/ZHR_ADDITIONAL_WORK_PLAN_SRV/san_shiftSet(Date=datetime'2019-07-22T00%3A00%3A00',ShiftType01='',ShiftType02='',ShiftType03='',ShiftType04='',ShiftType05='',ShiftType06='',ShiftType07='',ShiftType08='',ShiftType09='',ShiftType10='',ShiftType11='',ShiftType12='',ShiftType13='',ShiftType14='',ShiftType15='',ShiftType16='',ShiftType17='',ShiftType18='',ShiftType19='',ShiftType20='')","type":"ZHR_ADDITIONAL_WORK_PLAN_SRV.san_shift"},"IPlvar":"01","IUname":"ALEXZL","IMonth":"201907","IOrgunit":"50000165","IMosad":"024","Date":"/Date(1563753600000)/","WeekdayL":"שני","DayType":"","ShiftType01":"","Shift01":"","ShiftType02":"","Shift02":"","ShiftType03":"","Shift03":"","ShiftType04":"","Shift04":"","ShiftType05":"","Shift05":"","ShiftType06":"","Shift06":"","ShiftType07":"","Shift07":"","ShiftType08":"","Shift08":"","ShiftType09":"","Shift09":"","ShiftType10":"","Shift10":"","ShiftType11":"","Shift11":"","ShiftType12":"","Shift12":"","ShiftType13":"","Shift13":"","ShiftType14":"","Shift14":"","ShiftType15":"","Shift15":"","ShiftType16":"","Shift16":"","ShiftType17":"","Shift17":"","ShiftType18":"","Shift18":"","ShiftType19":"","Shift19":"","ShiftType20":"","Shift20":"","San_cell01nav":{"results":[]},"San_cell02nav":{"results":[]}},{"__metadata":{"id":"http://sapgwdev.clalit.org.il:8021/sap/opu/odata/sap/ZHR_ADDITIONAL_WORK_PLAN_SRV/san_shiftSet(Date=datetime'2019-07-23T00%3A00%3A00',ShiftType01='',ShiftType02='',ShiftType03='',ShiftType04='',ShiftType05='',ShiftType06='',ShiftType07='',ShiftType08='',ShiftType09='',ShiftType10='',ShiftType11='',ShiftType12='',ShiftType13='',ShiftType14='',ShiftType15='',ShiftType16='',ShiftType17='',ShiftType18='',ShiftType19='',ShiftType20='')","uri":"http://sapgwdev.clalit.org.il:8021/sap/opu/odata/sap/ZHR_ADDITIONAL_WORK_PLAN_SRV/san_shiftSet(Date=datetime'2019-07-23T00%3A00%3A00',ShiftType01='',ShiftType02='',ShiftType03='',ShiftType04='',ShiftType05='',ShiftType06='',ShiftType07='',ShiftType08='',ShiftType09='',ShiftType10='',ShiftType11='',ShiftType12='',ShiftType13='',ShiftType14='',ShiftType15='',ShiftType16='',ShiftType17='',ShiftType18='',ShiftType19='',ShiftType20='')","type":"ZHR_ADDITIONAL_WORK_PLAN_SRV.san_shift"},"IPlvar":"01","IUname":"ALEXZL","IMonth":"201907","IOrgunit":"50000165","IMosad":"024","Date":"/Date(1563840000000)/","WeekdayL":"שלישי","DayType":"","ShiftType01":"","Shift01":"","ShiftType02":"","Shift02":"","ShiftType03":"","Shift03":"","ShiftType04":"","Shift04":"","ShiftType05":"","Shift05":"סה\"כ-1 16:00-16:00","ShiftType06":"","Shift06":"","ShiftType07":"","Shift07":"","ShiftType08":"","Shift08":"","ShiftType09":"","Shift09":"","ShiftType10":"","Shift10":"","ShiftType11":"","Shift11":"סה\"כ-1 16:00-16:00","ShiftType12":"","Shift12":"","ShiftType13":"","Shift13":"","ShiftType14":"","Shift14":"","ShiftType15":"","Shift15":"","ShiftType16":"","Shift16":"","ShiftType17":"","Shift17":"","ShiftType18":"","Shift18":"","ShiftType19":"","Shift19":"","ShiftType20":"","Shift20":"","San_cell01nav":{"results":[]},"San_cell02nav":{"results":[]}},{"__metadata":{"id":"http://sapgwdev.clalit.org.il:8021/sap/opu/odata/sap/ZHR_ADDITIONAL_WORK_PLAN_SRV/san_shiftSet(Date=datetime'2019-07-24T00%3A00%3A00',ShiftType01='',ShiftType02='',ShiftType03='',ShiftType04='',ShiftType05='',ShiftType06='',ShiftType07='',ShiftType08='',ShiftType09='',ShiftType10='',ShiftType11='',ShiftType12='',ShiftType13='',ShiftType14='',ShiftType15='',ShiftType16='',ShiftType17='',ShiftType18='',ShiftType19='',ShiftType20='')","uri":"http://sapgwdev.clalit.org.il:8021/sap/opu/odata/sap/ZHR_ADDITIONAL_WORK_PLAN_SRV/san_shiftSet(Date=datetime'2019-07-24T00%3A00%3A00',ShiftType01='',ShiftType02='',ShiftType03='',ShiftType04='',ShiftType05='',ShiftType06='',ShiftType07='',ShiftType08='',ShiftType09='',ShiftType10='',ShiftType11='',ShiftType12='',ShiftType13='',ShiftType14='',ShiftType15='',ShiftType16='',ShiftType17='',ShiftType18='',ShiftType19='',ShiftType20='')","type":"ZHR_ADDITIONAL_WORK_PLAN_SRV.san_shift"},"IPlvar":"01","IUname":"ALEXZL","IMonth":"201907","IOrgunit":"50000165","IMosad":"024","Date":"/Date(1563926400000)/","WeekdayL":"רביעי","DayType":"","ShiftType01":"","Shift01":"","ShiftType02":"","Shift02":"סה\"כ-1 16:00-10:00","ShiftType03":"","Shift03":"","ShiftType04":"","Shift04":"","ShiftType05":"","Shift05":"","ShiftType06":"","Shift06":"","ShiftType07":"","Shift07":"","ShiftType08":"","Shift08":"סה\"כ-1 16:00-00:00","ShiftType09":"","Shift09":"","ShiftType10":"","Shift10":"","ShiftType11":"","Shift11":"","ShiftType12":"","Shift12":"","ShiftType13":"","Shift13":"","ShiftType14":"","Shift14":"","ShiftType15":"","Shift15":"","ShiftType16":"","Shift16":"","ShiftType17":"","Shift17":"","ShiftType18":"","Shift18":"","ShiftType19":"","Shift19":"","ShiftType20":"","Shift20":"","San_cell01nav":{"results":[]},"San_cell02nav":{"results":[{"__metadata":{"id":"http://sapgwdev.clalit.org.il:8021/sap/opu/odata/sap/ZHR_ADDITIONAL_WORK_PLAN_SRV/San_shift_cell02Set(Date=datetime'2019-07-24T00%3A00%3A00',ShiftType='TC')","uri":"http://sapgwdev.clalit.org.il:8021/sap/opu/odata/sap/ZHR_ADDITIONAL_WORK_PLAN_SRV/San_shift_cell02Set(Date=datetime'2019-07-24T00%3A00%3A00',ShiftType='TC')","type":"ZHR_ADDITIONAL_WORK_PLAN_SRV.San_shift_cell02"},"Date":"/Date(1563926400000)/","ShiftType":"TC","HourRange":"1600-1000","TotalShiftEmpl":"001","Pernr":"00000085","PersonName":"גרי אולדמן","ShiftLongText":"ת.מח' ר.בי\"ח","ShiftShortText":"ת.מ"}]}},{"__metadata":{"id":"http://sapgwdev.clalit.org.il:8021/sap/opu/odata/sap/ZHR_ADDITIONAL_WORK_PLAN_SRV/san_shiftSet(Date=datetime'2019-07-25T00%3A00%3A00',ShiftType01='',ShiftType02='',ShiftType03='',ShiftType04='',ShiftType05='',ShiftType06='',ShiftType07='',ShiftType08='',ShiftType09='',ShiftType10='',ShiftType11='',ShiftType12='',ShiftType13='',ShiftType14='',ShiftType15='',ShiftType16='',ShiftType17='',ShiftType18='',ShiftType19='',ShiftType20='')","uri":"http://sapgwdev.clalit.org.il:8021/sap/opu/odata/sap/ZHR_ADDITIONAL_WORK_PLAN_SRV/san_shiftSet(Date=datetime'2019-07-25T00%3A00%3A00',ShiftType01='',ShiftType02='',ShiftType03='',ShiftType04='',ShiftType05='',ShiftType06='',ShiftType07='',ShiftType08='',ShiftType09='',ShiftType10='',ShiftType11='',ShiftType12='',ShiftType13='',ShiftType14='',ShiftType15='',ShiftType16='',ShiftType17='',ShiftType18='',ShiftType19='',ShiftType20='')","type":"ZHR_ADDITIONAL_WORK_PLAN_SRV.san_shift"},"IPlvar":"01","IUname":"ALEXZL","IMonth":"201907","IOrgunit":"50000165","IMosad":"024","Date":"/Date(1564012800000)/","WeekdayL":"חמישי","DayType":"","ShiftType01":"","Shift01":"","ShiftType02":"","Shift02":"","ShiftType03":"","Shift03":"","ShiftType04":"","Shift04":"","ShiftType05":"","Shift05":"","ShiftType06":"","Shift06":"","ShiftType07":"","Shift07":"","ShiftType08":"","Shift08":"","ShiftType09":"","Shift09":"","ShiftType10":"","Shift10":"","ShiftType11":"","Shift11":"","ShiftType12":"","Shift12":"","ShiftType13":"","Shift13":"","ShiftType14":"","Shift14":"","ShiftType15":"","Shift15":"","ShiftType16":"","Shift16":"","ShiftType17":"","Shift17":"","ShiftType18":"","Shift18":"","ShiftType19":"","Shift19":"","ShiftType20":"","Shift20":"","San_cell01nav":{"results":[]},"San_cell02nav":{"results":[]}},{"__metadata":{"id":"http://sapgwdev.clalit.org.il:8021/sap/opu/odata/sap/ZHR_ADDITIONAL_WORK_PLAN_SRV/san_shiftSet(Date=datetime'2019-07-26T00%3A00%3A00',ShiftType01='',ShiftType02='',ShiftType03='',ShiftType04='',ShiftType05='',ShiftType06='',ShiftType07='',ShiftType08='',ShiftType09='',ShiftType10='',ShiftType11='',ShiftType12='',ShiftType13='',ShiftType14='',ShiftType15='',ShiftType16='',ShiftType17='',ShiftType18='',ShiftType19='',ShiftType20='')","uri":"http://sapgwdev.clalit.org.il:8021/sap/opu/odata/sap/ZHR_ADDITIONAL_WORK_PLAN_SRV/san_shiftSet(Date=datetime'2019-07-26T00%3A00%3A00',ShiftType01='',ShiftType02='',ShiftType03='',ShiftType04='',ShiftType05='',ShiftType06='',ShiftType07='',ShiftType08='',ShiftType09='',ShiftType10='',ShiftType11='',ShiftType12='',ShiftType13='',ShiftType14='',ShiftType15='',ShiftType16='',ShiftType17='',ShiftType18='',ShiftType19='',ShiftType20='')","type":"ZHR_ADDITIONAL_WORK_PLAN_SRV.san_shift"},"IPlvar":"01","IUname":"ALEXZL","IMonth":"201907","IOrgunit":"50000165","IMosad":"024","Date":"/Date(1564099200000)/","WeekdayL":"שישי","DayType":"","ShiftType01":"","Shift01":"","ShiftType02":"","Shift02":"","ShiftType03":"","Shift03":"","ShiftType04":"","Shift04":"","ShiftType05":"","Shift05":"","ShiftType06":"","Shift06":"","ShiftType07":"","Shift07":"","ShiftType08":"","Shift08":"","ShiftType09":"","Shift09":"","ShiftType10":"","Shift10":"","ShiftType11":"","Shift11":"","ShiftType12":"","Shift12":"","ShiftType13":"","Shift13":"","ShiftType14":"","Shift14":"","ShiftType15":"","Shift15":"","ShiftType16":"","Shift16":"","ShiftType17":"","Shift17":"","ShiftType18":"","Shift18":"","ShiftType19":"","Shift19":"","ShiftType20":"","Shift20":"","San_cell01nav":{"results":[]},"San_cell02nav":{"results":[]}},{"__metadata":{"id":"http://sapgwdev.clalit.org.il:8021/sap/opu/odata/sap/ZHR_ADDITIONAL_WORK_PLAN_SRV/san_shiftSet(Date=datetime'2019-07-27T00%3A00%3A00',ShiftType01='',ShiftType02='',ShiftType03='',ShiftType04='',ShiftType05='',ShiftType06='',ShiftType07='',ShiftType08='',ShiftType09='',ShiftType10='',ShiftType11='',ShiftType12='',ShiftType13='',ShiftType14='',ShiftType15='',ShiftType16='',ShiftType17='',ShiftType18='',ShiftType19='',ShiftType20='')","uri":"http://sapgwdev.clalit.org.il:8021/sap/opu/odata/sap/ZHR_ADDITIONAL_WORK_PLAN_SRV/san_shiftSet(Date=datetime'2019-07-27T00%3A00%3A00',ShiftType01='',ShiftType02='',ShiftType03='',ShiftType04='',ShiftType05='',ShiftType06='',ShiftType07='',ShiftType08='',ShiftType09='',ShiftType10='',ShiftType11='',ShiftType12='',ShiftType13='',ShiftType14='',ShiftType15='',ShiftType16='',ShiftType17='',ShiftType18='',ShiftType19='',ShiftType20='')","type":"ZHR_ADDITIONAL_WORK_PLAN_SRV.san_shift"},"IPlvar":"01","IUname":"ALEXZL","IMonth":"201907","IOrgunit":"50000165","IMosad":"024","Date":"/Date(1564185600000)/","WeekdayL":"שבת","DayType":"","ShiftType01":"","Shift01":"","ShiftType02":"","Shift02":"","ShiftType03":"","Shift03":"","ShiftType04":"","Shift04":"","ShiftType05":"","Shift05":"","ShiftType06":"","Shift06":"","ShiftType07":"","Shift07":"","ShiftType08":"","Shift08":"","ShiftType09":"","Shift09":"","ShiftType10":"","Shift10":"","ShiftType11":"","Shift11":"","ShiftType12":"","Shift12":"","ShiftType13":"","Shift13":"","ShiftType14":"","Shift14":"","ShiftType15":"","Shift15":"","ShiftType16":"","Shift16":"","ShiftType17":"","Shift17":"","ShiftType18":"","Shift18":"","ShiftType19":"","Shift19":"","ShiftType20":"","Shift20":"","San_cell01nav":{"results":[]},"San_cell02nav":{"results":[]}},{"__metadata":{"id":"http://sapgwdev.clalit.org.il:8021/sap/opu/odata/sap/ZHR_ADDITIONAL_WORK_PLAN_SRV/san_shiftSet(Date=datetime'2019-07-28T00%3A00%3A00',ShiftType01='',ShiftType02='',ShiftType03='',ShiftType04='',ShiftType05='',ShiftType06='',ShiftType07='',ShiftType08='',ShiftType09='',ShiftType10='',ShiftType11='',ShiftType12='',ShiftType13='',ShiftType14='',ShiftType15='',ShiftType16='',ShiftType17='',ShiftType18='',ShiftType19='',ShiftType20='')","uri":"http://sapgwdev.clalit.org.il:8021/sap/opu/odata/sap/ZHR_ADDITIONAL_WORK_PLAN_SRV/san_shiftSet(Date=datetime'2019-07-28T00%3A00%3A00',ShiftType01='',ShiftType02='',ShiftType03='',ShiftType04='',ShiftType05='',ShiftType06='',ShiftType07='',ShiftType08='',ShiftType09='',ShiftType10='',ShiftType11='',ShiftType12='',ShiftType13='',ShiftType14='',ShiftType15='',ShiftType16='',ShiftType17='',ShiftType18='',ShiftType19='',ShiftType20='')","type":"ZHR_ADDITIONAL_WORK_PLAN_SRV.san_shift"},"IPlvar":"01","IUname":"ALEXZL","IMonth":"201907","IOrgunit":"50000165","IMosad":"024","Date":"/Date(1564272000000)/","WeekdayL":"ראשון","DayType":"","ShiftType01":"","Shift01":"","ShiftType02":"","Shift02":"","ShiftType03":"","Shift03":"","ShiftType04":"","Shift04":"","ShiftType05":"","Shift05":"סה\"כ-1 16:00-16:00","ShiftType06":"","Shift06":"","ShiftType07":"","Shift07":"","ShiftType08":"","Shift08":"","ShiftType09":"","Shift09":"","ShiftType10":"","Shift10":"","ShiftType11":"","Shift11":"","ShiftType12":"","Shift12":"","ShiftType13":"","Shift13":"","ShiftType14":"","Shift14":"","ShiftType15":"","Shift15":"","ShiftType16":"","Shift16":"","ShiftType17":"","Shift17":"","ShiftType18":"","Shift18":"","ShiftType19":"","Shift19":"","ShiftType20":"","Shift20":"","San_cell01nav":{"results":[]},"San_cell02nav":{"results":[]}},{"__metadata":{"id":"http://sapgwdev.clalit.org.il:8021/sap/opu/odata/sap/ZHR_ADDITIONAL_WORK_PLAN_SRV/san_shiftSet(Date=datetime'2019-07-29T00%3A00%3A00',ShiftType01='',ShiftType02='',ShiftType03='',ShiftType04='',ShiftType05='',ShiftType06='',ShiftType07='',ShiftType08='',ShiftType09='',ShiftType10='',ShiftType11='',ShiftType12='',ShiftType13='',ShiftType14='',ShiftType15='',ShiftType16='',ShiftType17='',ShiftType18='',ShiftType19='',ShiftType20='')","uri":"http://sapgwdev.clalit.org.il:8021/sap/opu/odata/sap/ZHR_ADDITIONAL_WORK_PLAN_SRV/san_shiftSet(Date=datetime'2019-07-29T00%3A00%3A00',ShiftType01='',ShiftType02='',ShiftType03='',ShiftType04='',ShiftType05='',ShiftType06='',ShiftType07='',ShiftType08='',ShiftType09='',ShiftType10='',ShiftType11='',ShiftType12='',ShiftType13='',ShiftType14='',ShiftType15='',ShiftType16='',ShiftType17='',ShiftType18='',ShiftType19='',ShiftType20='')","type":"ZHR_ADDITIONAL_WORK_PLAN_SRV.san_shift"},"IPlvar":"01","IUname":"ALEXZL","IMonth":"201907","IOrgunit":"50000165","IMosad":"024","Date":"/Date(1564358400000)/","WeekdayL":"שני","DayType":"","ShiftType01":"","Shift01":"","ShiftType02":"","Shift02":"","ShiftType03":"","Shift03":"","ShiftType04":"","Shift04":"","ShiftType05":"","Shift05":"סה\"כ-1 16:00-16:00","ShiftType06":"","Shift06":"","ShiftType07":"","Shift07":"","ShiftType08":"","Shift08":"","ShiftType09":"","Shift09":"","ShiftType10":"","Shift10":"","ShiftType11":"","Shift11":"","ShiftType12":"","Shift12":"","ShiftType13":"","Shift13":"","ShiftType14":"","Shift14":"","ShiftType15":"","Shift15":"","ShiftType16":"","Shift16":"","ShiftType17":"","Shift17":"","ShiftType18":"","Shift18":"","ShiftType19":"","Shift19":"","ShiftType20":"","Shift20":"","San_cell01nav":{"results":[]},"San_cell02nav":{"results":[]}},{"__metadata":{"id":"http://sapgwdev.clalit.org.il:8021/sap/opu/odata/sap/ZHR_ADDITIONAL_WORK_PLAN_SRV/san_shiftSet(Date=datetime'2019-07-30T00%3A00%3A00',ShiftType01='',ShiftType02='',ShiftType03='',ShiftType04='',ShiftType05='',ShiftType06='',ShiftType07='',ShiftType08='',ShiftType09='',ShiftType10='',ShiftType11='',ShiftType12='',ShiftType13='',ShiftType14='',ShiftType15='',ShiftType16='',ShiftType17='',ShiftType18='',ShiftType19='',ShiftType20='')","uri":"http://sapgwdev.clalit.org.il:8021/sap/opu/odata/sap/ZHR_ADDITIONAL_WORK_PLAN_SRV/san_shiftSet(Date=datetime'2019-07-30T00%3A00%3A00',ShiftType01='',ShiftType02='',ShiftType03='',ShiftType04='',ShiftType05='',ShiftType06='',ShiftType07='',ShiftType08='',ShiftType09='',ShiftType10='',ShiftType11='',ShiftType12='',ShiftType13='',ShiftType14='',ShiftType15='',ShiftType16='',ShiftType17='',ShiftType18='',ShiftType19='',ShiftType20='')","type":"ZHR_ADDITIONAL_WORK_PLAN_SRV.san_shift"},"IPlvar":"01","IUname":"ALEXZL","IMonth":"201907","IOrgunit":"50000165","IMosad":"024","Date":"/Date(1564444800000)/","WeekdayL":"שלישי","DayType":"","ShiftType01":"","Shift01":"","ShiftType02":"","Shift02":"","ShiftType03":"","Shift03":"","ShiftType04":"","Shift04":"","ShiftType05":"","Shift05":"","ShiftType06":"","Shift06":"","ShiftType07":"","Shift07":"","ShiftType08":"","Shift08":"","ShiftType09":"","Shift09":"","ShiftType10":"","Shift10":"","ShiftType11":"","Shift11":"","ShiftType12":"","Shift12":"","ShiftType13":"","Shift13":"","ShiftType14":"","Shift14":"","ShiftType15":"","Shift15":"","ShiftType16":"","Shift16":"","ShiftType17":"","Shift17":"","ShiftType18":"","Shift18":"","ShiftType19":"","Shift19":"","ShiftType20":"","Shift20":"","San_cell01nav":{"results":[]},"San_cell02nav":{"results":[]}},{"__metadata":{"id":"http://sapgwdev.clalit.org.il:8021/sap/opu/odata/sap/ZHR_ADDITIONAL_WORK_PLAN_SRV/san_shiftSet(Date=datetime'2019-07-31T00%3A00%3A00',ShiftType01='',ShiftType02='',ShiftType03='',ShiftType04='',ShiftType05='',ShiftType06='',ShiftType07='',ShiftType08='',ShiftType09='',ShiftType10='',ShiftType11='',ShiftType12='',ShiftType13='',ShiftType14='',ShiftType15='',ShiftType16='',ShiftType17='',ShiftType18='',ShiftType19='',ShiftType20='')","uri":"http://sapgwdev.clalit.org.il:8021/sap/opu/odata/sap/ZHR_ADDITIONAL_WORK_PLAN_SRV/san_shiftSet(Date=datetime'2019-07-31T00%3A00%3A00',ShiftType01='',ShiftType02='',ShiftType03='',ShiftType04='',ShiftType05='',ShiftType06='',ShiftType07='',ShiftType08='',ShiftType09='',ShiftType10='',ShiftType11='',ShiftType12='',ShiftType13='',ShiftType14='',ShiftType15='',ShiftType16='',ShiftType17='',ShiftType18='',ShiftType19='',ShiftType20='')","type":"ZHR_ADDITIONAL_WORK_PLAN_SRV.san_shift"},"IPlvar":"01","IUname":"ALEXZL","IMonth":"201907","IOrgunit":"50000165","IMosad":"024","Date":"/Date(1564531200000)/","WeekdayL":"רביעי","DayType":"","ShiftType01":"","Shift01":"","ShiftType02":"","Shift02":"","ShiftType03":"","Shift03":"","ShiftType04":"","Shift04":"","ShiftType05":"","Shift05":"","ShiftType06":"","Shift06":"","ShiftType07":"","Shift07":"","ShiftType08":"","Shift08":"","ShiftType09":"","Shift09":"","ShiftType10":"","Shift10":"","ShiftType11":"","Shift11":"","ShiftType12":"","Shift12":"","ShiftType13":"","Shift13":"","ShiftType14":"","Shift14":"","ShiftType15":"","Shift15":"","ShiftType16":"","Shift16":"","ShiftType17":"","Shift17":"","ShiftType18":"","Shift18":"","ShiftType19":"","Shift19":"","ShiftType20":"","Shift20":"","San_cell01nav":{"results":[]},"San_cell02nav":{"results":[]}}]