{
    "resources": [
        {
            "name": "localService/ZSH_EMPLOYEE_DATA_SRV/metadata.xml"
        },
        {
            "name": "localService/mockdata/CopyOflinesSet.json"
        },
        {
            "name": "localService/mockdata/linesSet.json"
        },
        {
            "name": "localService/mockdata/headerSet.json"
        },
        {
            "name": "localService/metadata.xml"
        },
        {
            "name": ".project.json"
        },
        {
            "name": "controls/MaterialIcon.js"
        },
        {
            "name": "Component.js"
        },
        {
            "name": "i18n/i18n.properties",
            "raw": "i18n/i18n.properties"
        },
        {
            "name": "view/App.view.xml"
        },
        {
            "name": "view/Main.view.xml"
        },
        {
            "name": "neo-app.json"
        },
        {
            "name": "controller/Main.controller.js"
        },
        {
            "name": "controller/App.controller.js"
        },
        {
            "name": "Component-preload.js",
            "merged": true
        },
        {
            "name": "manifest.json"
        },
        {
            "name": "images/print.png"
        },
        {
            "name": "images/Edited_24x24.png"
        },
        {
            "name": "images/AddRow.png"
        },
        {
            "name": "images/changeX.png"
        },
        {
            "name": "images/AddRowX.png"
        },
        {
            "name": "images/MainScreenBG.png"
        },
        {
            "name": "images/DelRow.png"
        },
        {
            "name": "images/ShowHours.png"
        },
        {
            "name": "images/sendToManager.png"
        },
        {
            "name": "images/Main.view.xml"
        },
        {
            "name": "images/DelRowX.png"
        },
        {
            "name": "images/time-reporting-icon.png"
        },
        {
            "name": "images/ClalitLogo.png"
        },
        {
            "name": "images/AppIcon.png"
        },
        {
            "name": "images/save.png"
        },
        {
            "name": "images/table_add.png"
        },
        {
            "name": "resources.json",
            "merged": true
        },
        {
            "name": "util/Formatter.js"
        },
        {
            "name": "model/service/EssAttendanceService.js"
        },
        {
            "name": "model/mock/monthPicker.json"
        },
        {
            "name": "model/models.js"
        },
        {
            "name": ".user.project.json"
        },
        {
            "name": "css/app.css"
        },
        {
            "name": "fragment/BusyDialog.fragment.xml"
        },
        {
            "name": "index.html"
        },
        {
            "name": "constants/MessagePool.js"
        },
        {
            "name": "constants/GeneralConstants.js"
        }
    ]
}