<?xml version="1.0" encoding="utf-8"?><edmx:Edmx Version="1.0" xmlns:edmx="http://schemas.microsoft.com/ado/2007/06/edmx" xmlns:m="http://schemas.microsoft.com/ado/2007/08/dataservices/metadata" xmlns:sap="http://www.sap.com/Protocols/SAPData"><edmx:DataServices m:DataServiceVersion="2.0"><Schema Namespace="ZHR_ESS_SELF_REPORTING_SRV_01" xml:lang="he" sap:schema-version="1" xmlns="http://schemas.microsoft.com/ado/2008/09/edm"><EntityType Name="Headerempnav" sap:content-version="1"><Key><PropertyRef Name="Pernr"/></Key><Property Name="Pernr" Type="Edm.String" Nullable="false" MaxLength="8" sap:creatable="false" sap:updatable="false" sap:sortable="false" sap:filterable="false"/><Property Name="Idnumber" Type="Edm.String" Nullable="false" MaxLength="20" sap:label="תו20" sap:creatable="false" sap:updatable="false" sap:sortable="false" sap:filterable="false"/><Property Name="TmId" Type="Edm.String" Nullable="false" MaxLength="8" sap:creatable="false" sap:updatable="false" sap:sortable="false" sap:filterable="false"/><Property Name="Ename" Type="Edm.String" Nullable="false" MaxLength="40" sap:creatable="false" sap:updatable="false" sap:sortable="false" sap:filterable="false"/><Property Name="Orgtx" Type="Edm.String" Nullable="false" MaxLength="25" sap:label="שדה" sap:creatable="false" sap:updatable="false" sap:sortable="false" sap:filterable="false"/><Property Name="WerksText" Type="Edm.String" Nullable="false" MaxLength="25" sap:creatable="false" sap:updatable="false" sap:sortable="false" sap:filterable="false"/><Property Name="Zem" Type="Edm.String" Nullable="false" MaxLength="4" sap:creatable="false" sap:updatable="false" sap:sortable="false" sap:filterable="false"/><Property Name="BtrtlText" Type="Edm.String" Nullable="false" MaxLength="15" sap:label="תו 15" sap:creatable="false" sap:updatable="false" sap:sortable="false" sap:filterable="false"/><Property Name="Postx" Type="Edm.String" Nullable="false" MaxLength="40" sap:label="Char" sap:creatable="false" sap:updatable="false" sap:sortable="false" sap:filterable="false"/><Property Name="PersgText" Type="Edm.String" Nullable="false" MaxLength="20" sap:label="תו20" sap:creatable="false" sap:updatable="false" sap:sortable="false" sap:filterable="false"/><Property Name="PerskText" Type="Edm.String" Nullable="false" MaxLength="20" sap:label="תו20" sap:creatable="false" sap:updatable="false" sap:sortable="false" sap:filterable="false"/><Property Name="TchilatAvoda" Type="Edm.DateTime" Nullable="false" Precision="0" sap:label="תאריך" sap:creatable="false" sap:updatable="false" sap:sortable="false" sap:filterable="false"/><Property Name="MultiAssignment" Type="Edm.String" Nullable="false" MaxLength="1" sap:label="סמן" sap:creatable="false" sap:updatable="false" sap:sortable="false" sap:filterable="false"/></EntityType><EntityType Name="Headerquatanav" sap:content-version="1"><Key><PropertyRef Name="Pernr"/></Key><Property Name="Pernr" Type="Edm.String" Nullable="false" MaxLength="8" sap:creatable="false" sap:updatable="false" sap:sortable="false" sap:filterable="false"/><Property Name="Entitle33" Type="Edm.Decimal" Nullable="false" Precision="11" Scale="2" sap:label="ZDEC11_2" sap:creatable="false" sap:updatable="false" sap:sortable="false" sap:filterable="false"/><Property Name="Deduct33" Type="Edm.Decimal" Nullable="false" Precision="11" Scale="2" sap:label="ZDEC11_2" sap:creatable="false" sap:updatable="false" sap:sortable="false" sap:filterable="false"/><Property Name="Rest33" Type="Edm.Decimal" Nullable="false" Precision="11" Scale="2" sap:label="ZDEC11_2" sap:creatable="false" sap:updatable="false" sap:sortable="false" sap:filterable="false"/><Property Name="Entitle20" Type="Edm.Decimal" Nullable="false" Precision="11" Scale="2" sap:label="ZDEC11_2" sap:creatable="false" sap:updatable="false" sap:sortable="false" sap:filterable="false"/><Property Name="Deduct20" Type="Edm.Decimal" Nullable="false" Precision="11" Scale="2" sap:label="ZDEC11_2" sap:creatable="false" sap:updatable="false" sap:sortable="false" sap:filterable="false"/><Property Name="Rest20" Type="Edm.Decimal" Nullable="false" Precision="11" Scale="2" sap:label="ZDEC11_2" sap:creatable="false" sap:updatable="false" sap:sortable="false" sap:filterable="false"/><Property Name="Entitle01" Type="Edm.Decimal" Nullable="false" Precision="11" Scale="2" sap:label="ZDEC11_2" sap:creatable="false" sap:updatable="false" sap:sortable="false" sap:filterable="false"/><Property Name="Deduct01" Type="Edm.Decimal" Nullable="false" Precision="11" Scale="2" sap:label="ZDEC11_2" sap:creatable="false" sap:updatable="false" sap:sortable="false" sap:filterable="false"/><Property Name="Rest01" Type="Edm.Decimal" Nullable="false" Precision="11" Scale="2" sap:label="ZDEC11_2" sap:creatable="false" sap:updatable="false" sap:sortable="false" sap:filterable="false"/><Property Name="NocMonthEntitle" Type="Edm.Decimal" Nullable="false" Precision="11" Scale="2" sap:label="ZDEC11_2" sap:creatable="false" sap:updatable="false" sap:sortable="false" sap:filterable="false"/><Property Name="NocMonthDeduct" Type="Edm.Decimal" Nullable="false" Precision="11" Scale="2" sap:label="ZDEC11_2" sap:creatable="false" sap:updatable="false" sap:sortable="false" sap:filterable="false"/><Property Name="NocYearEntitle" Type="Edm.Decimal" Nullable="false" Precision="11" Scale="2" sap:label="ZDEC11_2" sap:creatable="false" sap:updatable="false" sap:sortable="false" sap:filterable="false"/><Property Name="NocYearDeduct" Type="Edm.Decimal" Nullable="false" Precision="11" Scale="2" sap:label="ZDEC11_2" sap:creatable="false" sap:updatable="false" sap:sortable="false" sap:filterable="false"/><Property Name="PayHrsMonth" Type="Edm.Decimal" Nullable="false" Precision="11" Scale="2" sap:label="ZDEC11_2" sap:creatable="false" sap:updatable="false" sap:sortable="false" sap:filterable="false"/><Property Name="PayHrsYear" Type="Edm.Decimal" Nullable="false" Precision="11" Scale="2" sap:label="ZDEC11_2" sap:creatable="false" sap:updatable="false" sap:sortable="false" sap:filterable="false"/></EntityType><EntityType Name="HeaderLinesnav" sap:content-version="1"><Key><PropertyRef Name="Pernr"/><PropertyRef Name="AttAbsNum"/></Key><Property Name="Uname" Type="Edm.String" Nullable="false" MaxLength="30" sap:creatable="false" sap:updatable="false" sap:sortable="false" sap:filterable="false"/><Property Name="Pernr" Type="Edm.String" Nullable="false" MaxLength="8" sap:creatable="false" sap:updatable="false" sap:sortable="false" sap:filterable="false"/><Property Name="Ldate" Type="Edm.DateTime" Nullable="false" Precision="7" sap:label="תאריך" sap:creatable="false" sap:updatable="false" sap:sortable="false" sap:filterable="false"/><Property Name="Werks" Type="Edm.String" Nullable="false" MaxLength="4" sap:label="אתר" sap:creatable="false" sap:updatable="false" sap:sortable="false" sap:filterable="false"/><Property Name="WerksText" Type="Edm.String" Nullable="false" MaxLength="30" sap:label="שם 1" sap:creatable="false" sap:updatable="false" sap:sortable="false" sap:filterable="false"/><Property Name="Orgunit" Type="Edm.String" Nullable="false" MaxLength="8" sap:label="יחידה ארגונית" sap:creatable="false" sap:updatable="false" sap:sortable="false" sap:filterable="false"/><Property Name="OrgunitTxt" Type="Edm.String" Nullable="false" MaxLength="40" sap:label="שם" sap:creatable="false" sap:updatable="false" sap:sortable="false" sap:filterable="false"/><Property Name="PernrKey" Type="Edm.String" Nullable="false" MaxLength="80" sap:creatable="false" sap:updatable="false" sap:sortable="false" sap:filterable="false"/><Property Name="DayText" Type="Edm.String" Nullable="false" MaxLength="2" sap:creatable="false" sap:updatable="false" sap:sortable="false" sap:filterable="false"/><Property Name="OrgIn" Type="Edm.Time" Nullable="false" Precision="0" sap:creatable="false" sap:updatable="false" sap:sortable="false" sap:filterable="false"/><Property Name="OrgOut" Type="Edm.Time" Nullable="false" Precision="0" sap:creatable="false" sap:updatable="false" sap:sortable="false" sap:filterable="false"/><Property Name="OrgPairNum" Type="Edm.String" Nullable="false" MaxLength="2" sap:creatable="false" sap:updatable="false" sap:sortable="false" sap:filterable="false"/><Property Name="DayType" Type="Edm.String" Nullable="false" MaxLength="2" sap:creatable="false" sap:updatable="false" sap:sortable="false" sap:filterable="false"/><Property Name="PairNum" Type="Edm.String" Nullable="false" MaxLength="2" sap:creatable="false" sap:updatable="false" sap:sortable="false" sap:filterable="false"/><Property Name="Begtm" Type="Edm.String" Nullable="false" MaxLength="6" sap:creatable="false" sap:updatable="false" sap:sortable="false" sap:filterable="false"/><Property Name="Endtm" Type="Edm.String" Nullable="false" MaxLength="6" sap:creatable="false" sap:updatable="false" sap:sortable="false" sap:filterable="false"/><Property Name="Bterm" Type="Edm.String" Nullable="false" MaxLength="4" sap:creatable="false" sap:updatable="false" sap:sortable="false" sap:filterable="false"/><Property Name="Eterm" Type="Edm.String" Nullable="false" MaxLength="4" sap:creatable="false" sap:updatable="false" sap:sortable="false" sap:filterable="false"/><Property Name="BChange" Type="Edm.String" Nullable="false" MaxLength="1" sap:creatable="false" sap:updatable="false" sap:sortable="false" sap:filterable="false"/><Property Name="EChange" Type="Edm.String" Nullable="false" MaxLength="1" sap:creatable="false" sap:updatable="false" sap:sortable="false" sap:filterable="false"/><Property Name="Bgcod" Type="Edm.String" Nullable="false" MaxLength="4" sap:creatable="false" sap:updatable="false" sap:sortable="false" sap:filterable="false"/><Property Name="Egcod" Type="Edm.String" Nullable="false" MaxLength="4" sap:creatable="false" sap:updatable="false" sap:sortable="false" sap:filterable="false"/><Property Name="Borigf" Type="Edm.String" Nullable="false" MaxLength="1" sap:creatable="false" sap:updatable="false" sap:sortable="false" sap:filterable="false"/><Property Name="Eorigf" Type="Edm.String" Nullable="false" MaxLength="1" sap:creatable="false" sap:updatable="false" sap:sortable="false" sap:filterable="false"/><Property Name="AttAbsNum" Type="Edm.String" Nullable="false" MaxLength="4" sap:creatable="false" sap:updatable="false" sap:sortable="false" sap:filterable="false"/><Property Name="AttAbsDisc" Type="Edm.String" Nullable="false" MaxLength="40" sap:creatable="false" sap:updatable="false" sap:sortable="false" sap:filterable="false"/><Property Name="StartAbs" Type="Edm.String" Nullable="false" MaxLength="5" sap:creatable="false" sap:updatable="false" sap:sortable="false" sap:filterable="false"/><Property Name="EndAbs" Type="Edm.String" Nullable="false" MaxLength="5" sap:creatable="false" sap:updatable="false" sap:sortable="false" sap:filterable="false"/><Property Name="AttandanceDaily" Type="Edm.String" Nullable="false" MaxLength="10" sap:creatable="false" sap:updatable="false" sap:sortable="false" sap:filterable="false"/><Property Name="TekenDaily" Type="Edm.String" Nullable="false" MaxLength="10" sap:creatable="false" sap:updatable="false" sap:sortable="false" sap:filterable="false"/><Property Name="RegularDaily" Type="Edm.String" Nullable="false" MaxLength="10" sap:creatable="false" sap:updatable="false" sap:sortable="false" sap:filterable="false"/><Property Name="OverDaily" Type="Edm.String" Nullable="false" MaxLength="10" sap:creatable="false" sap:updatable="false" sap:sortable="false" sap:filterable="false"/><Property Name="LackDaily" Type="Edm.String" Nullable="false" MaxLength="10" sap:creatable="false" sap:updatable="false" sap:sortable="false" sap:filterable="false"/><Property Name="EmpComment" Type="Edm.String" Nullable="false" MaxLength="120" sap:creatable="false" sap:updatable="false" sap:sortable="false" sap:filterable="false"/><Property Name="MngComment" Type="Edm.String" Nullable="false" MaxLength="40" sap:creatable="false" sap:updatable="false" sap:sortable="false" sap:filterable="false"/><NavigationProperty Name="t554subtynav" Relationship="ZHR_ESS_SELF_REPORTING_SRV_01.t554s_subtynav" FromRole="FromRole_t554s_subtynav" ToRole="ToRole_t554s_subtynav"/></EntityType><EntityType Name="header" sap:content-version="1"><Key><PropertyRef Name="pernr"/></Key><Property Name="pernr" Type="Edm.String" Nullable="false" MaxLength="8" sap:creatable="false" sap:updatable="false" sap:sortable="false" sap:filterable="false"/><Property Name="IUname" Type="Edm.String" Nullable="false" MaxLength="12" sap:label="שם משתמש" sap:creatable="false" sap:updatable="false" sap:sortable="false" sap:filterable="false"/><Property Name="IMonth" Type="Edm.String" Nullable="false" MaxLength="6" sap:creatable="false" sap:updatable="false" sap:sortable="false" sap:filterable="false"/><Property Name="EEmpType" Type="Edm.String" Nullable="false" MaxLength="1" sap:creatable="false" sap:updatable="false" sap:sortable="false" sap:filterable="false"/><Property Name="EMainPernr" Type="Edm.String" Nullable="false" MaxLength="8" sap:creatable="false" sap:updatable="false" sap:sortable="false" sap:filterable="false"/><Property Name="EStatusSgira" Type="Edm.String" Nullable="false" MaxLength="1" sap:creatable="false" sap:updatable="false" sap:sortable="false" sap:filterable="false"/><Property Name="EStatusSgiraText" Type="Edm.String" Nullable="false" MaxLength="40" sap:label="Char" sap:creatable="false" sap:updatable="false" sap:sortable="false" sap:filterable="false"/><Property Name="ETmStatus" Type="Edm.String" Nullable="false" MaxLength="1" sap:creatable="false" sap:updatable="false" sap:sortable="false" sap:filterable="false"/><Property Name="ETmStatusText" Type="Edm.String" Nullable="false" MaxLength="40" sap:label="Char" sap:creatable="false" sap:updatable="false" sap:sortable="false" sap:filterable="false"/><Property Name="EMessage" Type="Edm.String" Nullable="false" MaxLength="83" sap:label="שורה" sap:creatable="false" sap:updatable="false" sap:sortable="false" sap:filterable="false"/><Property Name="EPortalStatus" Type="Edm.String" Nullable="false" MaxLength="40" sap:label="Char" sap:creatable="false" sap:updatable="false" sap:sortable="false" sap:filterable="false"/><NavigationProperty Name="header_linesnav" Relationship="ZHR_ESS_SELF_REPORTING_SRV_01.header_linesnav" FromRole="FromRole_header_linesnav" ToRole="ToRole_header_linesnav"/><NavigationProperty Name="headerempnav" Relationship="ZHR_ESS_SELF_REPORTING_SRV_01.headerempnav" FromRole="FromRole_headerempnav" ToRole="ToRole_headerempnav"/><NavigationProperty Name="headerquatanav" Relationship="ZHR_ESS_SELF_REPORTING_SRV_01.headerquatanav" FromRole="FromRole_headerquatanav" ToRole="ToRole_headerquatanav"/><NavigationProperty Name="Tm_monthlynav" Relationship="ZHR_ESS_SELF_REPORTING_SRV_01.Tm_monthlynav" FromRole="FromRole_Tm_monthlynav" ToRole="ToRole_Tm_monthlynav"/><NavigationProperty Name="Et_approvalnav" Relationship="ZHR_ESS_SELF_REPORTING_SRV_01.Et_approvalnav" FromRole="FromRole_Et_approvalnav" ToRole="ToRole_Et_approvalnav"/></EntityType><EntityType Name="T554s_subtynav" sap:content-version="1"><Key><PropertyRef Name="Subty"/></Key><Property Name="Subty" Type="Edm.String" Nullable="false" MaxLength="4" sap:creatable="false" sap:updatable="false" sap:sortable="false" sap:filterable="false"/><Property Name="Atext" Type="Edm.String" Nullable="false" MaxLength="25" sap:creatable="false" sap:updatable="false" sap:sortable="false" sap:filterable="false"/></EntityType><EntityType Name="Tm_monthly" sap:content-version="1"><Key><PropertyRef Name="Pernr"/></Key><Property Name="Pernr" Type="Edm.String" Nullable="false" MaxLength="8" sap:creatable="false" sap:updatable="false" sap:sortable="false" sap:filterable="false"/><Property Name="Overtime100" Type="Edm.String" Nullable="false" MaxLength="10" sap:creatable="false" sap:updatable="false" sap:sortable="false" sap:filterable="false"/><Property Name="Overtime125" Type="Edm.String" Nullable="false" MaxLength="10" sap:creatable="false" sap:updatable="false" sap:sortable="false" sap:filterable="false"/><Property Name="Overtime150" Type="Edm.String" Nullable="false" MaxLength="10" sap:creatable="false" sap:updatable="false" sap:sortable="false" sap:filterable="false"/><Property Name="Lack" Type="Edm.String" Nullable="false" MaxLength="10" sap:creatable="false" sap:updatable="false" sap:sortable="false" sap:filterable="false"/><Property Name="OvertimeUnpaid" Type="Edm.String" Nullable="false" MaxLength="10" sap:creatable="false" sap:updatable="false" sap:sortable="false" sap:filterable="false"/></EntityType><EntityType Name="Et_approval" sap:content-version="1"><Key><PropertyRef Name="Pernr"/></Key><Property Name="Pernr" Type="Edm.String" Nullable="false" MaxLength="8" sap:creatable="false" sap:updatable="false" sap:sortable="false" sap:filterable="false"/><Property Name="Begda" Type="Edm.DateTime" Nullable="false" Precision="0" sap:label="תא. התחלה" sap:creatable="false" sap:updatable="false" sap:sortable="false" sap:filterable="false"/><Property Name="Endda" Type="Edm.DateTime" Nullable="false" Precision="0" sap:label="תאריך סיום" sap:creatable="false" sap:updatable="false" sap:sortable="false" sap:filterable="false"/><Property Name="Subty" Type="Edm.String" Nullable="false" MaxLength="4" sap:label="תת סוג" sap:creatable="false" sap:updatable="false" sap:sortable="false" sap:filterable="false"/></EntityType><Association Name="t554s_subtynav" sap:content-version="1"><End Type="ZHR_ESS_SELF_REPORTING_SRV_01.HeaderLinesnav" Multiplicity="1" Role="FromRole_t554s_subtynav"/><End Type="ZHR_ESS_SELF_REPORTING_SRV_01.T554s_subtynav" Multiplicity="*" Role="ToRole_t554s_subtynav"/></Association><Association Name="header_linesnav" sap:content-version="1"><End Type="ZHR_ESS_SELF_REPORTING_SRV_01.header" Multiplicity="1" Role="FromRole_header_linesnav"/><End Type="ZHR_ESS_SELF_REPORTING_SRV_01.HeaderLinesnav" Multiplicity="*" Role="ToRole_header_linesnav"/><ReferentialConstraint><Principal Role="FromRole_header_linesnav"><PropertyRef Name="pernr"/></Principal><Dependent Role="ToRole_header_linesnav"><PropertyRef Name="Pernr"/></Dependent></ReferentialConstraint></Association><Association Name="headerempnav" sap:content-version="1"><End Type="ZHR_ESS_SELF_REPORTING_SRV_01.header" Multiplicity="1" Role="FromRole_headerempnav"/><End Type="ZHR_ESS_SELF_REPORTING_SRV_01.Headerempnav" Multiplicity="*" Role="ToRole_headerempnav"/><ReferentialConstraint><Principal Role="FromRole_headerempnav"><PropertyRef Name="pernr"/></Principal><Dependent Role="ToRole_headerempnav"><PropertyRef Name="Pernr"/></Dependent></ReferentialConstraint></Association><Association Name="headerquatanav" sap:content-version="1"><End Type="ZHR_ESS_SELF_REPORTING_SRV_01.header" Multiplicity="1" Role="FromRole_headerquatanav"/><End Type="ZHR_ESS_SELF_REPORTING_SRV_01.Headerquatanav" Multiplicity="*" Role="ToRole_headerquatanav"/><ReferentialConstraint><Principal Role="FromRole_headerquatanav"><PropertyRef Name="pernr"/></Principal><Dependent Role="ToRole_headerquatanav"><PropertyRef Name="Pernr"/></Dependent></ReferentialConstraint></Association><Association Name="Tm_monthlynav" sap:content-version="1"><End Type="ZHR_ESS_SELF_REPORTING_SRV_01.header" Multiplicity="1" Role="FromRole_Tm_monthlynav"/><End Type="ZHR_ESS_SELF_REPORTING_SRV_01.Tm_monthly" Multiplicity="*" Role="ToRole_Tm_monthlynav"/><ReferentialConstraint><Principal Role="FromRole_Tm_monthlynav"><PropertyRef Name="pernr"/></Principal><Dependent Role="ToRole_Tm_monthlynav"><PropertyRef Name="Pernr"/></Dependent></ReferentialConstraint></Association><Association Name="Et_approvalnav" sap:content-version="1"><End Type="ZHR_ESS_SELF_REPORTING_SRV_01.header" Multiplicity="1" Role="FromRole_Et_approvalnav"/><End Type="ZHR_ESS_SELF_REPORTING_SRV_01.Et_approval" Multiplicity="*" Role="ToRole_Et_approvalnav"/></Association><EntityContainer Name="ZHR_ESS_SELF_REPORTING_SRV_01_Entities" m:IsDefaultEntityContainer="true" sap:supported-formats="atom json xlsx"><EntitySet Name="HeaderquatanavSet" EntityType="ZHR_ESS_SELF_REPORTING_SRV_01.Headerquatanav" sap:creatable="false" sap:updatable="false" sap:deletable="false" sap:pageable="false" sap:content-version="1"/><EntitySet Name="HeaderLinesnavSet" EntityType="ZHR_ESS_SELF_REPORTING_SRV_01.HeaderLinesnav" sap:creatable="false" sap:updatable="false" sap:deletable="false" sap:pageable="false" sap:content-version="1"/><EntitySet Name="headerSet" EntityType="ZHR_ESS_SELF_REPORTING_SRV_01.header" sap:creatable="false" sap:updatable="false" sap:deletable="false" sap:pageable="false" sap:content-version="1"/><EntitySet Name="T554s_subtySet" EntityType="ZHR_ESS_SELF_REPORTING_SRV_01.T554s_subtynav" sap:creatable="false" sap:updatable="false" sap:deletable="false" sap:pageable="false" sap:content-version="1"/><EntitySet Name="Tm_monthlySet" EntityType="ZHR_ESS_SELF_REPORTING_SRV_01.Tm_monthly" sap:creatable="false" sap:updatable="false" sap:deletable="false" sap:pageable="false" sap:content-version="1"/><EntitySet Name="Et_approvalSet" EntityType="ZHR_ESS_SELF_REPORTING_SRV_01.Et_approval" sap:creatable="false" sap:updatable="false" sap:deletable="false" sap:pageable="false" sap:content-version="1"/><EntitySet Name="HeaderempnavSet" EntityType="ZHR_ESS_SELF_REPORTING_SRV_01.Headerempnav" sap:creatable="false" sap:updatable="false" sap:deletable="false" sap:pageable="false" sap:content-version="1"/><AssociationSet Name="headerempnav_AssocSet" Association="ZHR_ESS_SELF_REPORTING_SRV_01.headerempnav" sap:creatable="false" sap:updatable="false" sap:deletable="false" sap:content-version="1"><End EntitySet="headerSet" Role="FromRole_headerempnav"/><End EntitySet="HeaderempnavSet" Role="ToRole_headerempnav"/></AssociationSet><AssociationSet Name="Et_approvalnav_AssocSet" Association="ZHR_ESS_SELF_REPORTING_SRV_01.Et_approvalnav" sap:creatable="false" sap:updatable="false" sap:deletable="false" sap:content-version="1"><End EntitySet="headerSet" Role="FromRole_Et_approvalnav"/><End EntitySet="Et_approvalSet" Role="ToRole_Et_approvalnav"/></AssociationSet><AssociationSet Name="headerquatanav_AssocSet" Association="ZHR_ESS_SELF_REPORTING_SRV_01.headerquatanav" sap:creatable="false" sap:updatable="false" sap:deletable="false" sap:content-version="1"><End EntitySet="headerSet" Role="FromRole_headerquatanav"/><End EntitySet="HeaderquatanavSet" Role="ToRole_headerquatanav"/></AssociationSet><AssociationSet Name="Tm_monthlynav_AssocSet" Association="ZHR_ESS_SELF_REPORTING_SRV_01.Tm_monthlynav" sap:creatable="false" sap:updatable="false" sap:deletable="false" sap:content-version="1"><End EntitySet="headerSet" Role="FromRole_Tm_monthlynav"/><End EntitySet="Tm_monthlySet" Role="ToRole_Tm_monthlynav"/></AssociationSet><AssociationSet Name="T554subtyTOlinesSet" Association="ZHR_ESS_SELF_REPORTING_SRV_01.t554s_subtynav" sap:creatable="false" sap:updatable="false" sap:deletable="false" sap:content-version="1"><End EntitySet="HeaderLinesnavSet" Role="FromRole_t554s_subtynav"/><End EntitySet="T554s_subtySet" Role="ToRole_t554s_subtynav"/></AssociationSet><AssociationSet Name="HeaderTOLinesnavSet" Association="ZHR_ESS_SELF_REPORTING_SRV_01.header_linesnav" sap:creatable="false" sap:updatable="false" sap:deletable="false" sap:content-version="1"><End EntitySet="headerSet" Role="FromRole_header_linesnav"/><End EntitySet="HeaderLinesnavSet" Role="ToRole_header_linesnav"/></AssociationSet></EntityContainer><atom:link rel="self" href="http://sapgwdev.clalit.org.il:8021/sap/opu/odata/sap/ZHR_ESS_SELF_REPORTING_SRV_01/$metadata" xmlns:atom="http://www.w3.org/2005/Atom"/><atom:link rel="latest-version" href="http://sapgwdev.clalit.org.il:8021/sap/opu/odata/sap/ZHR_ESS_SELF_REPORTING_SRV_01/$metadata" xmlns:atom="http://www.w3.org/2005/Atom"/></Schema></edmx:DataServices></edmx:Edmx>