{
  "run": [
    {
      "filePath": "/zre_dashboard/webapp/test.html",
      "previewMode": 1,
      "dataMode": 1,
      "workspace": "withoutWorkspace",
      "ui5ActiveVersion": null,
      "ui5VerSource": null,
      "isDefaultVersion": 0,
      "urlParameters": [],
      "hashParameter": "",
      "backendSystem": [],
      "_metadata": {
        "runnerId": "webapprunner",
        "id": 7781692,
        "displayName": "Run test.html",
        "lastRunTimeStamp": 1716904430639
      }
    }
  ]
}