{
  "run": [
    {
      "filePath": "/webapp/index.html",
      "previewMode": 1,
      "dataMode": 1,
      "workspace": "withoutWorkspace",
      "ui5ActiveVersion": null,
      "ui5VerSource": null,
      "isDefaultVersion": 0,
      "urlParameters": [
        {
          "paramName": "",
          "paramValue": ""
        }
      ],
      "hashParameter": "",
      "backendSystem": [],
      "_metadata": {
        "id": 326677,
        "runnerId": "webapprunner",
        "displayName": "Run index.html",
        "lastRunTimeStamp": 1543478194637
      }
    },
    {
      "filePath": "/webapp/test/unit/unitTests.qunit.html",
      "previewMode": 1,
      "dataMode": 0,
      "workspace": "withoutWorkspace",
      "ui5ActiveVersion": null,
      "ui5VerSource": null,
      "isDefaultVersion": 0,
      "urlParameters": [],
      "hashParameter": "",
      "backendSystem": [],
      "_metadata": {
        "id": 9522573,
        "runnerId": "webapprunner",
        "displayName": "Run unitTests.qunit.html",
        "lastRunTimeStamp": 1543327606337
      }
    },
    {
      "filePath": "/webapp/test/integration/opaTestsWithIFrame.qunit.html",
      "previewMode": 1,
      "dataMode": 1,
      "workspace": "withoutWorkspace",
      "ui5ActiveVersion": null,
      "ui5VerSource": null,
      "isDefaultVersion": 0,
      "urlParameters": [],
      "hashParameter": "",
      "backendSystem": [],
      "_metadata": {
        "id": 8695806,
        "runnerId": "webapprunner",
        "displayName": "Run opaTestsWithIFrame.qunit.html",
        "lastRunTimeStamp": 1543327143621
      }
    },
    {
      "filePath": "/webapp/test/unit/unitTests.qunit.html",
      "previewMode": 1,
      "dataMode": 1,
      "ui5ActiveVersion": null,
      "ui5VerSource": null,
      "isDefaultVersion": 0,
      "workspace": "withoutWorkspace",
      "urlParameters": [],
      "backendSystem": [],
      "_metadata": {
        "id": 521212,
        "runnerId": "qunitrunner",
        "displayName": "Run unitTests.qunit.html 1",
        "lastRunTimeStamp": 1543327173482
      }
    },
    {
      "filePath": "/webapp/Component.js",
      "previewMode": 1,
      "dataMode": 1,
      "workspace": "withoutWorkspace",
      "ui5ActiveVersion": null,
      "ui5VerSource": null,
      "isDefaultVersion": 0,
      "urlParameters": [],
      "hashParameter": "",
      "backendSystem": [],
      "_metadata": {
        "id": 9160206,
        "runnerId": "fiorirunner",
        "displayName": "Run Component.js",
        "lastRunTimeStamp": 1543391589947
      }
    }
  ]
}