[
	{
		"ProductID": 1412,
		"ProductName": "Aniseed Syrup"
	},
	{
		"ProductID": 5267,
		"ProductName": "Uncle Bob's Organic Dried Pears"
	},
	{
		"ProductID": 5046,
		"ProductName": "Northwoods Cranberry Sauce"
	},
	{
		"ProductID": 1114,
		"ProductName": "Grandma's Boysenberry Spread"
	},
	{
		"ProductID": 5079,
		"ProductName": "Chef Anton's Cajun Seasoning"
	},
	{
		"ProductID": 4008,
		"ProductName": "Sir Rodney's Marmalade"
	},
	{
		"ProductID": 5672,
		"ProductName": "Tunnbr�d"
	},
	{
		"ProductID": 8486,
		"ProductName": "Mascarpone Fabioli"
	},
	{
		"ProductID": 9505,
		"ProductName": "Camembert Pierrot"
	},
	{
		"ProductID": 4663,
		"ProductName": "Louisiana Hot Spiced Okra"
	}
]